Ticker,DTYYYYMMDD,Date,Open,High,Low,Close,Volume
HVN,20170103,2017-01-03,20.29,20.29,20.29,20.29,700
HVN,20170104,2017-01-04,23.29,23.29,23.29,23.29,8868
HVN,20170105,2017-01-05,26.76,26.76,23.81,25.51,764180
HVN,20170106,2017-01-06,27.02,27.02,22.77,22.77,250926
HVN,20170109,2017-01-09,23.91,23.91,21.22,21.63,159553
HVN,20170110,2017-01-10,21.63,22.82,20.34,22.25,129615
HVN,20170111,2017-01-11,21.89,22.77,21.74,22.51,91056
HVN,20170112,2017-01-12,22.36,22.51,21.99,21.99,113008
HVN,20170113,2017-01-13,21.94,22.05,21.74,21.84,168714
HVN,20170116,2017-01-16,21.74,21.74,20.75,21.22,111337
HVN,20170117,2017-01-17,20.96,21.06,20.44,20.65,163282
HVN,20170118,2017-01-18,20.44,20.65,19.67,20.18,115276
HVN,20170119,2017-01-19,20.08,20.44,19.82,20.18,67936
HVN,20170120,2017-01-20,19.92,20.08,19.56,19.72,172546
HVN,20170123,2017-01-23,19.67,19.77,19.56,19.72,95764
HVN,20170124,2017-01-24,19.67,19.92,19.67,19.82,92226
HVN,20170125,2017-01-25,19.72,20.03,19.67,19.92,144059
HVN,20170202,2017-02-02,20.18,20.24,19.72,20.13,35528
HVN,20170203,2017-02-03,20.34,20.49,19.98,20.03,191300
HVN,20170206,2017-02-06,20.18,20.18,19.82,19.98,86780
HVN,20170207,2017-02-07,19.92,19.92,19.67,19.77,131437
HVN,20170208,2017-02-08,19.67,20.29,19.67,20.08,95870
HVN,20170209,2017-02-09,20.13,20.13,19.92,20.03,76107
HVN,20170210,2017-02-10,20.03,22.25,20.03,22.2,440047
HVN,20170213,2017-02-13,22.25,23.19,21.99,22.82,281767
HVN,20170214,2017-02-14,22.87,23.03,21.89,21.89,239390
HVN,20170215,2017-02-15,21.79,22.1,21.37,21.48,364184
HVN,20170216,2017-02-16,21.53,21.53,20.39,20.55,583476
HVN,20170217,2017-02-17,20.34,20.55,20.13,20.44,765046
HVN,20170220,2017-02-20,20.75,21.94,20.44,21.68,2727835
HVN,20170221,2017-02-21,22.25,22.25,21.01,21.17,419088
HVN,20170222,2017-02-22,21.27,21.27,20.55,20.86,484550
HVN,20170223,2017-02-23,20.65,20.65,17.75,18.58,5427447
HVN,20170224,2017-02-24,19.05,19.05,16.2,17.08,6416518
HVN,20170227,2017-02-27,17.08,19.46,17.08,19.46,6787409
HVN,20170228,2017-02-28,20.7,20.7,17.08,18.11,4390004
HVN,20170301,2017-03-01,18.11,18.48,17.65,18.01,2181891
HVN,20170302,2017-03-02,18.11,18.42,17.7,17.96,1199643
HVN,20170303,2017-03-03,18.06,18.53,17.23,17.6,1844220
HVN,20170306,2017-03-06,17.6,17.65,16.72,16.77,2226822
HVN,20170307,2017-03-07,16.72,17.85,15.78,16.77,1606464
HVN,20170308,2017-03-08,16.72,17.6,16.56,17.34,850130
HVN,20170309,2017-03-09,17.34,17.54,16.87,16.97,697404
HVN,20170310,2017-03-10,16.87,17.08,16.51,16.66,1113605
HVN,20170313,2017-03-13,16.66,16.66,16.15,16.2,1126914
HVN,20170314,2017-03-14,16.25,16.3,15.73,15.84,1815647
HVN,20170315,2017-03-15,15.89,15.94,15.11,15.37,1514931
HVN,20170316,2017-03-16,15.01,15.99,15.01,15.94,837681
HVN,20170317,2017-03-17,15.89,16.41,15.78,15.99,888349
HVN,20170320,2017-03-20,16.15,16.15,15.63,15.99,722569
HVN,20170321,2017-03-21,15.84,16.2,15.78,15.99,707840
HVN,20170322,2017-03-22,15.99,16.2,13.61,15.89,801100
HVN,20170323,2017-03-23,15.94,16.15,15.53,15.73,723036
HVN,20170324,2017-03-24,15.73,15.94,13.46,15.78,515510
HVN,20170327,2017-03-27,15.73,15.78,13.4,15.58,714416
HVN,20170328,2017-03-28,15.58,15.58,13.46,15.37,670572
HVN,20170329,2017-03-29,15.42,17.7,13.15,15.01,981159
HVN,20170330,2017-03-30,15.11,15.11,14.44,14.65,1083200
HVN,20170331,2017-03-31,14.65,15.78,12.47,14.59,743160
HVN,20170403,2017-04-03,14.54,15.47,12.32,15.01,787730
HVN,20170404,2017-04-04,15.06,15.78,14.59,14.59,462781
HVN,20170405,2017-04-05,14.59,14.65,14.49,14.54,384033
HVN,20170407,2017-04-07,14.75,15.78,14.08,14.13,617184
HVN,20170410,2017-04-10,14.44,14.44,13.46,13.51,1163704
HVN,20170411,2017-04-11,13.51,13.51,13.15,13.2,643281
HVN,20170412,2017-04-12,13.15,13.3,12.78,12.83,707577
HVN,20170413,2017-04-13,12.83,14.85,11.02,12.99,704977
HVN,20170414,2017-04-14,12.99,13.2,12.94,13.09,265111
HVN,20170417,2017-04-17,13.2,14.18,13.2,13.71,856975
HVN,20170418,2017-04-18,13.77,14.18,13.56,14.08,807280
HVN,20170419,2017-04-19,14.08,14.49,11.75,14.39,688810
HVN,20170420,2017-04-20,14.39,14.44,13.97,14.08,354266
HVN,20170421,2017-04-21,14.08,14.08,12.01,13.61,514320
HVN,20170424,2017-04-24,13.77,13.77,13.15,13.15,694551
HVN,20170425,2017-04-25,13.2,13.51,11.33,13.25,297319
HVN,20170426,2017-04-26,13.3,13.61,12.94,13.51,311740
HVN,20170427,2017-04-27,13.56,13.61,13.3,13.4,251207
HVN,20170428,2017-04-28,13.46,13.51,11.44,13.35,287002
HVN,20170503,2017-05-03,13.46,13.56,13.35,13.4,331400
HVN,20170504,2017-05-04,13.4,13.51,13.3,13.46,395410
HVN,20170505,2017-05-05,13.51,13.51,13.3,13.3,249106
HVN,20170508,2017-05-08,13.46,13.92,11.44,13.77,799336
HVN,20170509,2017-05-09,13.87,13.87,11.7,13.66,430956
HVN,20170510,2017-05-10,13.66,13.97,13.51,13.92,794571
HVN,20170511,2017-05-11,13.87,14.75,13.77,14.54,1031512
HVN,20170512,2017-05-12,14.59,15.32,14.59,15.01,1075746
HVN,20170515,2017-05-15,15.11,17.08,12.83,14.75,734980
HVN,20170516,2017-05-16,14.7,14.75,12.63,14.59,1031675
HVN,20170517,2017-05-17,14.49,14.8,14.44,14.49,401570
HVN,20170518,2017-05-18,14.49,14.7,14.34,14.49,562076
HVN,20170519,2017-05-19,14.49,14.54,12.32,14.28,377214
HVN,20170522,2017-05-22,14.34,14.44,12.42,14.34,355166
HVN,20170523,2017-05-23,14.34,14.44,13.82,13.92,600933
HVN,20170524,2017-05-24,13.97,13.97,11.95,13.71,198959
HVN,20170525,2017-05-25,13.71,14.03,13.71,13.92,198959
HVN,20170526,2017-05-26,13.92,13.97,13.66,13.82,211820
HVN,20170529,2017-05-29,13.71,13.87,13.71,13.82,241491
HVN,20170530,2017-05-30,13.66,13.82,13.61,13.66,337461
HVN,20170531,2017-05-31,13.71,13.71,13.61,13.61,263491
HVN,20170601,2017-06-01,13.66,13.97,11.59,13.82,326857
HVN,20170602,2017-06-02,13.82,13.87,13.71,13.77,136437
HVN,20170605,2017-06-05,13.66,13.87,11.75,13.82,263050
HVN,20170606,2017-06-06,13.82,13.87,11.75,13.71,257036
HVN,20170607,2017-06-07,13.77,13.82,13.71,13.77,238549
HVN,20170608,2017-06-08,13.87,14.49,13.82,14.49,875732
HVN,20170609,2017-06-09,14.28,14.7,14.18,14.23,372451
HVN,20170612,2017-06-12,14.13,14.23,13.66,13.92,473895
HVN,20170613,2017-06-13,13.92,14.13,13.82,13.87,365658
HVN,20170614,2017-06-14,13.92,14.08,13.82,13.87,230554
HVN,20170615,2017-06-15,13.82,13.97,13.71,13.82,246495
HVN,20170616,2017-06-16,13.82,14.18,13.77,14.08,241990
HVN,20170619,2017-06-19,14.13,14.13,13.87,13.92,184599
HVN,20170620,2017-06-20,13.82,14.08,13.82,13.92,422340
HVN,20170621,2017-06-21,13.97,13.97,11.8,13.77,319507
HVN,20170622,2017-06-22,13.82,13.97,13.82,13.92,307832
HVN,20170623,2017-06-23,13.92,13.97,13.82,13.82,239681
HVN,20170626,2017-06-26,13.87,13.92,13.71,13.82,294021
HVN,20170627,2017-06-27,13.82,13.87,13.71,13.77,268444
HVN,20170628,2017-06-28,13.77,13.82,13.66,13.82,380320
HVN,20170629,2017-06-29,13.77,13.82,13.71,13.77,107000
HVN,20170630,2017-06-30,13.77,13.77,11.75,13.77,355273
HVN,20170703,2017-07-03,13.77,13.82,13.71,13.77,229820
HVN,20170704,2017-07-04,12.94,14.18,12.94,13.97,577823
HVN,20170705,2017-07-05,13.97,13.97,13.82,13.82,145483
HVN,20170706,2017-07-06,13.82,13.87,13.71,13.77,246225
HVN,20170707,2017-07-07,13.77,13.77,13.46,13.71,622576
HVN,20170710,2017-07-10,13.66,13.71,13.56,13.66,389680
HVN,20170711,2017-07-11,13.66,13.71,13.61,13.71,432320
HVN,20170712,2017-07-12,13.77,13.77,13.71,13.71,296501
HVN,20170713,2017-07-13,13.71,13.82,13.71,13.71,172620
HVN,20170714,2017-07-14,13.71,13.77,13.71,13.71,236179
HVN,20170717,2017-07-17,13.77,13.77,13.61,13.71,319680
HVN,20170718,2017-07-18,13.71,13.71,13.56,13.66,277634
HVN,20170719,2017-07-19,13.66,13.66,13.56,13.61,254920
HVN,20170720,2017-07-20,13.61,13.66,13.51,13.51,149203
HVN,20170721,2017-07-21,13.51,13.56,13.4,13.51,270100
HVN,20170724,2017-07-24,13.61,13.71,13.4,13.61,173887
HVN,20170725,2017-07-25,13.46,13.77,13.46,13.61,164348
HVN,20170726,2017-07-26,13.51,13.71,13.51,13.66,232624
HVN,20170727,2017-07-27,13.66,13.71,13.61,13.66,146910
HVN,20170728,2017-07-28,13.61,13.66,13.51,13.56,100290
HVN,20170731,2017-07-31,13.66,13.66,13.51,13.51,90730
HVN,20170801,2017-08-01,13.56,13.66,13.46,13.56,79352
HVN,20170802,2017-08-02,13.51,13.51,13.4,13.46,170240
HVN,20170803,2017-08-03,13.46,13.46,13.15,13.2,577120
HVN,20170804,2017-08-04,13.2,13.35,13.15,13.25,77340
HVN,20170807,2017-08-07,13.25,13.4,13.2,13.4,149962
HVN,20170808,2017-08-08,13.35,13.4,13.15,13.25,158350
HVN,20170809,2017-08-09,13.25,13.25,12.99,13.09,187750
HVN,20170810,2017-08-10,13.15,13.15,12.94,13.04,171695
HVN,20170811,2017-08-11,13.04,13.04,12.94,12.99,87100
HVN,20170814,2017-08-14,13.04,13.04,12.94,12.99,82690
HVN,20170815,2017-08-15,12.99,13.04,11.44,12.94,64852
HVN,20170816,2017-08-16,12.99,12.99,12.89,12.94,86691
HVN,20170817,2017-08-17,12.94,12.94,12.78,12.83,96266
HVN,20170818,2017-08-18,12.83,12.89,12.73,12.83,131630
HVN,20170821,2017-08-21,12.83,12.94,12.83,12.89,80109
HVN,20170822,2017-08-22,12.94,12.99,12.89,12.89,75372
HVN,20170823,2017-08-23,12.94,12.94,12.83,12.89,68770
HVN,20170824,2017-08-24,12.83,12.89,12.83,12.89,58650
HVN,20170825,2017-08-25,12.83,12.83,12.73,12.83,115120
HVN,20170828,2017-08-28,12.78,12.83,12.68,12.73,164730
HVN,20170829,2017-08-29,12.73,12.73,12.68,12.73,85700
HVN,20170830,2017-08-30,12.78,13.09,12.73,12.99,222041
HVN,20170831,2017-08-31,13.15,13.42,12.99,13.15,142980
HVN,20170901,2017-09-01,13.2,13.2,12.99,13.1,39400
HVN,20170905,2017-09-05,13.04,13.1,12.94,13.04,52900
HVN,20170906,2017-09-06,13.1,13.1,12.94,13.04,162890
HVN,20170907,2017-09-07,12.99,13.1,12.99,13.04,46660
HVN,20170908,2017-09-08,13.04,13.1,13.04,13.04,117506
HVN,20170911,2017-09-11,13.1,13.1,13.04,13.04,145989
HVN,20170912,2017-09-12,13.04,13.04,12.99,13.04,278640
HVN,20170913,2017-09-13,13.1,13.1,12.99,13.04,155813
HVN,20170914,2017-09-14,12.99,13.1,12.99,13.1,156738
HVN,20170915,2017-09-15,13.04,13.1,12.99,13.1,67220
HVN,20170918,2017-09-18,13.1,13.79,13.1,13.57,338724
HVN,20170919,2017-09-19,13.57,13.57,13.36,13.47,40999
HVN,20170920,2017-09-20,13.26,13.63,13.26,13.47,73200
HVN,20170921,2017-09-21,13.52,13.63,13.47,13.47,131112
HVN,20170922,2017-09-22,13.52,13.63,13.26,13.52,181480
HVN,20170925,2017-09-25,13.52,14.1,13.26,13.89,530450
HVN,20170926,2017-09-26,13.89,13.95,13.68,13.73,184932
HVN,20170927,2017-09-27,13.79,13.79,13.63,13.68,101051
HVN,20170928,2017-09-28,13.57,13.63,13.26,13.31,238330
HVN,20170929,2017-09-29,13.52,13.57,13.31,13.42,138144
HVN,20171002,2017-10-02,13.79,14.85,13.57,14.21,733396
HVN,20171003,2017-10-03,14.32,14.32,13.84,13.95,350010
HVN,20171004,2017-10-04,13.95,14.79,13.84,14.69,747635
HVN,20171005,2017-10-05,14.64,15.22,14.58,14.64,837821
HVN,20171006,2017-10-06,14.74,15.06,14.64,14.85,513490
HVN,20171009,2017-10-09,14.9,15.17,14.79,14.9,495507
HVN,20171010,2017-10-10,14.95,14.95,14.53,14.58,569943
HVN,20171011,2017-10-11,14.69,15.27,14.42,15.06,1020619
HVN,20171012,2017-10-12,15.27,15.8,15.11,15.8,1465673
HVN,20171013,2017-10-13,15.75,16.17,15.64,15.7,576064
HVN,20171016,2017-10-16,15.85,15.91,15.59,15.64,579401
HVN,20171017,2017-10-17,15.59,16.12,15.59,15.8,631609
HVN,20171018,2017-10-18,15.91,15.91,15.48,15.54,698570
HVN,20171019,2017-10-19,15.54,15.54,15.22,15.38,797220
HVN,20171020,2017-10-20,15.17,15.54,15.17,15.38,327110
HVN,20171023,2017-10-23,15.43,15.43,14.53,14.69,434019
HVN,20171024,2017-10-24,14.74,14.85,14.58,14.69,228613
HVN,20171025,2017-10-25,14.69,15.11,14.69,15.11,236503
HVN,20171026,2017-10-26,15.11,15.11,14.58,14.85,222241
HVN,20171027,2017-10-27,15.01,15.01,14.69,14.74,106830
HVN,20171030,2017-10-30,14.58,14.9,14.1,14.26,446345
HVN,20171031,2017-10-31,14.32,14.37,13.89,14.16,309685
HVN,20171101,2017-11-01,14.32,14.42,14.0,14.05,147636
HVN,20171102,2017-11-02,14.1,14.32,13.89,14.05,178899
HVN,20171103,2017-11-03,14.16,14.58,14.16,14.42,250020
HVN,20171106,2017-11-06,14.58,14.74,14.37,14.53,234630
HVN,20171107,2017-11-07,14.58,14.85,14.53,14.64,172055
HVN,20171108,2017-11-08,14.64,14.64,14.32,14.53,225670
HVN,20171109,2017-11-09,14.42,14.53,14.32,14.37,179117
HVN,20171110,2017-11-10,14.37,15.59,14.37,15.32,1173356
HVN,20171113,2017-11-13,15.38,16.07,15.38,15.64,659063
HVN,20171114,2017-11-14,15.91,15.91,15.38,15.43,435673
HVN,20171115,2017-11-15,15.54,15.54,15.06,15.17,594308
HVN,20171116,2017-11-16,15.22,15.75,15.11,15.7,900298
HVN,20171117,2017-11-17,15.59,15.85,15.43,15.54,631651
HVN,20171120,2017-11-20,15.64,15.85,15.54,15.64,389281
HVN,20171121,2017-11-21,15.59,16.7,15.54,16.17,1405929
HVN,20171122,2017-11-22,16.28,17.98,16.12,17.76,2575987
HVN,20171123,2017-11-23,17.76,18.29,16.97,17.5,1099305
HVN,20171124,2017-11-24,17.5,17.66,17.13,17.5,760832
HVN,20171127,2017-11-27,17.45,18.56,17.39,18.4,1471607
HVN,20171128,2017-11-28,18.51,18.56,17.82,17.92,1001471
HVN,20171129,2017-11-29,17.98,18.45,17.92,18.35,620531
HVN,20171130,2017-11-30,18.35,19.57,18.24,19.2,1504596
HVN,20171201,2017-12-01,19.04,20.31,19.04,20.2,1584385
HVN,20171204,2017-12-04,20.31,21.32,20.31,21.32,1481041
HVN,20171205,2017-12-05,21.42,22.16,20.15,20.47,2036241
HVN,20171206,2017-12-06,20.52,20.84,19.78,20.2,1920370
HVN,20171207,2017-12-07,20.2,20.84,17.18,20.52,731029
HVN,20171208,2017-12-08,20.63,20.63,19.88,19.99,746766
HVN,20171211,2017-12-11,20.15,20.15,18.56,18.66,1325148
HVN,20171212,2017-12-12,18.13,19.35,17.5,18.93,1067529
HVN,20171213,2017-12-13,18.93,19.2,18.29,18.82,627851
HVN,20171214,2017-12-14,18.82,20.15,18.72,20.04,1075163
HVN,20171215,2017-12-15,20.04,20.47,19.99,20.31,941089
HVN,20171218,2017-12-18,20.26,21.1,20.26,20.63,914930
HVN,20171219,2017-12-19,20.68,20.68,19.99,20.1,1043120
HVN,20171220,2017-12-20,20.1,20.79,19.94,20.47,895360
HVN,20171221,2017-12-21,20.68,21.0,20.41,20.63,700915
HVN,20171222,2017-12-22,20.68,20.68,19.99,20.15,849415
HVN,20171225,2017-12-25,20.2,20.47,19.99,20.2,383950
HVN,20171226,2017-12-26,20.2,21.9,20.15,21.85,2547080
HVN,20171227,2017-12-27,21.9,22.54,21.74,22.38,1453096
HVN,20171228,2017-12-28,22.43,23.23,22.43,23.07,1240763
HVN,20171229,2017-12-29,23.01,23.12,22.48,22.91,1403091
HVN,20180102,2018-01-02,22.85,25.03,22.8,24.82,1536453
HVN,20180103,2018-01-03,24.82,25.72,23.49,24.39,2153279
HVN,20180104,2018-01-04,24.13,25.29,24.07,24.87,1397180
HVN,20180105,2018-01-05,24.66,25.72,24.39,25.4,1335299
HVN,20180108,2018-01-08,25.35,27.04,25.29,26.99,1695283
HVN,20180109,2018-01-09,26.99,27.73,26.57,27.04,1597691
HVN,20180110,2018-01-10,27.31,27.31,25.82,26.14,1861371
HVN,20180111,2018-01-11,26.14,27.04,25.45,26.88,1322935
HVN,20180112,2018-01-12,26.99,28.1,26.78,27.2,1021552
HVN,20180115,2018-01-15,27.04,27.57,27.04,27.57,951914
HVN,20180116,2018-01-16,27.57,28.05,27.36,27.89,1154825
HVN,20180117,2018-01-17,27.84,28.85,27.84,28.1,1733229
HVN,20180118,2018-01-18,28.37,28.37,26.99,28.0,1590981
HVN,20180119,2018-01-19,27.84,31.29,27.79,30.07,2350353
HVN,20180122,2018-01-22,29.8,33.78,29.69,33.78,3011445
HVN,20180123,2018-01-23,34.2,37.12,33.78,35.69,2455609
HVN,20180124,2018-01-24,35.69,36.06,33.67,34.04,2076432
HVN,20180125,2018-01-25,34.31,35.63,33.35,33.72,2344305
HVN,20180126,2018-01-26,33.78,34.47,32.61,32.88,2179883
HVN,20180129,2018-01-29,31.55,33.94,31.29,32.35,1507535
HVN,20180130,2018-01-30,31.82,32.45,31.02,31.29,2202371
HVN,20180131,2018-01-31,31.29,31.55,28.37,28.53,3097150
HVN,20180201,2018-02-01,28.53,29.69,26.25,27.15,2430906
HVN,20180202,2018-02-02,27.57,28.37,26.46,28.21,2551448
HVN,20180205,2018-02-05,28.21,28.47,25.98,26.46,2133156
HVN,20180206,2018-02-06,26.25,26.25,23.44,24.13,2770837
HVN,20180207,2018-02-07,24.39,27.04,24.39,26.78,2381296
HVN,20180208,2018-02-08,26.46,27.52,24.44,24.71,1412300
HVN,20180209,2018-02-09,23.86,24.66,21.63,24.66,1433769
HVN,20180212,2018-02-12,24.39,26.51,24.39,26.46,727541
HVN,20180213,2018-02-13,26.46,28.1,26.46,28.1,1390941
HVN,20180221,2018-02-21,28.63,29.48,28.1,29.11,1113547
HVN,20180222,2018-02-22,29.22,29.22,27.2,27.57,1253519
HVN,20180223,2018-02-23,27.57,28.47,27.31,28.05,1074223
HVN,20180226,2018-02-26,28.1,28.9,27.79,28.0,1126366
HVN,20180227,2018-02-27,28.21,30.75,27.94,30.54,3664154
HVN,20180228,2018-02-28,30.75,31.18,29.96,30.65,1581591
HVN,20180301,2018-03-01,30.54,31.02,30.07,30.38,1373626
HVN,20180302,2018-03-02,30.22,30.22,29.16,30.17,1308865
HVN,20180305,2018-03-05,30.01,31.02,28.58,28.63,1523671
HVN,20180306,2018-03-06,29.32,29.75,28.53,29.64,1149315
HVN,20180307,2018-03-07,29.69,29.91,28.0,28.05,1449508
HVN,20180308,2018-03-08,28.63,28.63,27.04,27.68,1337763
HVN,20180309,2018-03-09,27.84,28.63,27.63,27.94,648087
HVN,20180312,2018-03-12,28.1,28.47,27.52,27.68,685958
HVN,20180313,2018-03-13,27.57,27.73,26.94,27.04,1845989
HVN,20180314,2018-03-14,27.04,27.1,26.35,26.94,1633496
HVN,20180315,2018-03-15,26.99,28.05,26.94,27.73,1384430
HVN,20180316,2018-03-16,27.84,28.37,27.57,27.68,1088980
HVN,20180319,2018-03-19,27.68,27.94,26.72,26.83,1694054
HVN,20180320,2018-03-20,26.94,27.15,25.35,25.51,3116500
HVN,20180321,2018-03-21,25.51,26.35,24.87,25.29,1557930
HVN,20180322,2018-03-22,25.35,26.19,25.29,25.72,870574
HVN,20180323,2018-03-23,25.72,25.72,23.86,24.87,1278764
HVN,20180326,2018-03-26,24.44,25.35,24.39,24.98,638775
HVN,20180327,2018-03-27,25.08,25.77,25.03,25.51,804364
HVN,20180328,2018-03-28,25.51,25.82,25.03,25.35,449013
HVN,20180329,2018-03-29,25.35,25.82,25.19,25.82,713517
HVN,20180330,2018-03-30,25.66,26.51,25.61,26.35,860361
HVN,20180402,2018-04-02,26.51,27.1,26.25,26.51,846561
HVN,20180403,2018-04-03,26.51,26.57,25.82,25.98,955971
HVN,20180404,2018-04-04,25.98,26.57,25.82,26.09,1182775
HVN,20180405,2018-04-05,25.98,26.25,25.45,25.61,627097
HVN,20180406,2018-04-06,25.72,26.14,25.61,25.77,781188
HVN,20180409,2018-04-09,25.45,25.77,25.03,25.29,812499
HVN,20180410,2018-04-10,25.29,26.35,24.87,25.72,977855
HVN,20180411,2018-04-11,25.88,26.25,25.29,25.51,690947
HVN,20180412,2018-04-12,25.45,25.72,25.19,25.35,587488
HVN,20180413,2018-04-13,25.45,25.56,24.76,24.82,684885
HVN,20180416,2018-04-16,24.71,24.87,24.23,24.39,587937
HVN,20180417,2018-04-17,23.91,24.66,23.91,24.5,480877
HVN,20180418,2018-04-18,24.92,25.77,24.39,24.66,873012
HVN,20180419,2018-04-19,26.52,27.23,24.92,25.04,756169
HVN,20180420,2018-04-20,24.92,25.33,24.68,25.21,367685
HVN,20180423,2018-04-23,25.27,25.57,22.9,23.14,514780
HVN,20180424,2018-04-24,23.14,23.67,22.25,22.48,848800
HVN,20180426,2018-04-26,22.6,22.72,20.05,20.47,1478625
HVN,20180427,2018-04-27,20.82,22.48,20.47,22.31,757900
HVN,20180502,2018-05-02,22.31,22.84,21.95,22.07,539902
HVN,20180503,2018-05-03,22.25,22.25,20.76,21.77,524668
HVN,20180504,2018-05-04,21.89,22.25,21.71,21.95,344565
HVN,20180507,2018-05-07,22.78,23.79,22.13,23.08,369451
HVN,20180508,2018-05-08,23.14,23.43,22.84,22.84,351591
HVN,20180509,2018-05-09,23.08,23.08,22.54,23.02,337402
HVN,20180510,2018-05-10,23.02,23.02,21.95,21.95,497197
HVN,20180511,2018-05-11,22.25,22.54,21.65,22.48,324736
HVN,20180514,2018-05-14,22.31,22.66,22.07,22.6,267589
HVN,20180515,2018-05-15,22.6,22.84,22.48,22.72,302998
HVN,20180516,2018-05-16,22.66,22.66,22.25,22.31,282692
HVN,20180517,2018-05-17,23.73,23.73,21.89,22.01,252566
HVN,20180518,2018-05-18,22.07,22.07,20.88,21.42,668748
HVN,20180521,2018-05-21,21.83,21.83,20.88,21.06,195556
HVN,20180522,2018-05-22,21.06,21.06,19.16,19.58,557314
HVN,20180523,2018-05-23,17.09,19.87,17.09,19.46,466778
HVN,20180524,2018-05-24,19.58,19.93,18.87,18.98,338763
HVN,20180525,2018-05-25,19.28,19.28,18.09,18.15,324865
HVN,20180528,2018-05-28,17.86,18.39,16.14,16.61,926426
HVN,20180529,2018-05-29,16.61,18.69,16.02,18.33,556700
HVN,20180530,2018-05-30,18.33,18.33,17.68,18.04,283589
HVN,20180531,2018-05-31,18.34,18.71,17.92,18.59,420426
HVN,20180601,2018-06-01,18.47,19.93,18.34,19.44,513214
HVN,20180604,2018-06-04,19.5,20.17,19.01,20.11,513711
HVN,20180605,2018-06-05,20.11,20.6,19.99,20.17,404670
HVN,20180606,2018-06-06,20.23,20.29,19.74,20.17,357759
HVN,20180607,2018-06-07,20.17,22.18,19.99,21.94,1123039
HVN,20180608,2018-06-08,21.45,22.97,21.45,22.67,806519
HVN,20180611,2018-06-11,22.55,22.85,22.0,22.0,577342
HVN,20180612,2018-06-12,22.18,22.18,20.66,21.45,958014
HVN,20180613,2018-06-13,21.21,22.12,21.09,21.63,761987
HVN,20180614,2018-06-14,21.63,21.63,20.72,20.96,492328
HVN,20180615,2018-06-15,21.15,21.69,20.72,21.45,396057
HVN,20180618,2018-06-18,21.57,21.57,20.42,20.9,399596
HVN,20180619,2018-06-19,20.72,20.72,19.5,20.42,754396
HVN,20180620,2018-06-20,20.42,21.27,19.99,20.9,292314
HVN,20180621,2018-06-21,20.84,20.9,20.35,20.48,190473
HVN,20180622,2018-06-22,20.11,20.84,20.11,20.84,218076
HVN,20180625,2018-06-25,20.72,21.15,20.72,20.96,273398
HVN,20180626,2018-06-26,21.02,21.02,20.42,20.72,118717
HVN,20180627,2018-06-27,20.72,20.84,20.48,20.48,269848
HVN,20180628,2018-06-28,20.42,20.6,20.17,20.35,294530
HVN,20180629,2018-06-29,20.42,20.6,20.11,20.29,270636
HVN,20180702,2018-07-02,20.29,20.29,18.89,19.2,471629
HVN,20180703,2018-07-03,19.2,19.5,18.1,18.28,315334
HVN,20180704,2018-07-04,18.28,18.53,17.79,18.4,416562
HVN,20180705,2018-07-05,18.28,18.47,17.67,17.79,280098
HVN,20180706,2018-07-06,17.79,18.59,17.06,18.28,583650
HVN,20180709,2018-07-09,18.28,18.71,18.16,18.22,198950
HVN,20180710,2018-07-10,18.59,18.71,18.28,18.4,113629
HVN,20180711,2018-07-11,18.1,18.47,18.1,18.22,381772
HVN,20180712,2018-07-12,18.28,18.28,17.98,18.16,71290
HVN,20180713,2018-07-13,18.47,18.71,18.4,18.65,258763
HVN,20180716,2018-07-16,18.77,18.89,18.47,18.53,145817
HVN,20180717,2018-07-17,18.83,18.89,18.28,18.65,253840
HVN,20180718,2018-07-18,18.53,19.68,18.53,19.62,397237
HVN,20180719,2018-07-19,19.62,20.11,19.32,20.11,426120
HVN,20180720,2018-07-20,20.11,20.6,19.81,20.11,543199
HVN,20180723,2018-07-23,20.23,20.29,19.62,19.62,345836
HVN,20180724,2018-07-24,19.5,19.62,19.2,19.44,200935
HVN,20180725,2018-07-25,19.44,19.81,19.26,19.62,522934
HVN,20180726,2018-07-26,19.5,19.62,19.38,19.62,274411
HVN,20180727,2018-07-27,19.56,21.02,19.56,20.96,1455685
HVN,20180730,2018-07-30,21.02,22.67,21.02,22.37,1140882
HVN,20180731,2018-07-31,22.24,22.37,21.63,22.06,774431
HVN,20180801,2018-08-01,22.24,23.4,21.76,22.73,1255731
HVN,20180802,2018-08-02,22.55,23.65,22.55,23.52,1424712
HVN,20180803,2018-08-03,23.58,23.58,23.1,23.4,761648
HVN,20180806,2018-08-06,23.4,23.4,22.67,22.73,751215
HVN,20180807,2018-08-07,22.67,22.97,22.06,22.12,1030104
HVN,20180808,2018-08-08,22.12,23.1,22.12,23.04,570142
HVN,20180809,2018-08-09,23.16,23.46,22.55,22.91,689438
HVN,20180810,2018-08-10,23.16,23.16,22.37,22.67,545860
HVN,20180813,2018-08-13,22.67,23.04,22.43,22.49,954940
HVN,20180814,2018-08-14,22.55,24.32,22.43,24.13,1869184
HVN,20180815,2018-08-15,24.25,24.68,23.46,23.52,1030162
HVN,20180816,2018-08-16,23.77,24.01,23.16,23.95,983370
HVN,20180817,2018-08-17,23.83,24.25,23.71,23.89,902713
HVN,20180820,2018-08-20,23.95,24.99,23.95,24.56,1066606
HVN,20180821,2018-08-21,24.62,24.86,24.07,24.38,872740
HVN,20180822,2018-08-22,24.38,24.68,23.95,24.01,889331
HVN,20180823,2018-08-23,24.13,24.13,23.65,23.77,915230
HVN,20180824,2018-08-24,23.77,23.89,23.4,23.89,950361
HVN,20180827,2018-08-27,23.58,24.13,23.58,23.71,646227
HVN,20180828,2018-08-28,23.89,23.95,23.71,23.71,473400
HVN,20180829,2018-08-29,23.83,23.89,23.46,23.65,541130
HVN,20180830,2018-08-30,23.65,24.19,23.65,24.19,973249
HVN,20180831,2018-08-31,24.13,24.62,24.13,24.25,1285058
HVN,20180904,2018-09-04,24.38,24.38,23.58,23.77,554927
HVN,20180905,2018-09-05,23.77,23.89,23.28,23.46,762301
HVN,20180906,2018-09-06,23.52,23.52,22.43,22.55,1335612
HVN,20180907,2018-09-07,22.55,23.1,22.55,23.04,410949
HVN,20180910,2018-09-10,23.04,23.22,22.85,22.97,269055
HVN,20180911,2018-09-11,23.04,23.52,22.79,23.52,562060
HVN,20180912,2018-09-12,23.77,23.77,23.16,23.16,451697
HVN,20180913,2018-09-13,23.4,23.52,22.91,22.97,627383
HVN,20180914,2018-09-14,22.97,23.16,22.91,23.1,398367
HVN,20180917,2018-09-17,23.1,23.1,22.85,22.85,220310
HVN,20180918,2018-09-18,22.91,23.22,22.49,23.16,366664
HVN,20180919,2018-09-19,23.16,23.46,23.04,23.16,411982
HVN,20180920,2018-09-20,23.22,23.65,23.04,23.65,757306
HVN,20180921,2018-09-21,23.77,24.32,23.58,24.01,1726588
HVN,20180924,2018-09-24,24.01,25.29,23.89,25.17,2184390
HVN,20180925,2018-09-25,25.35,25.53,25.05,25.11,960316
HVN,20180926,2018-09-26,25.29,25.29,24.8,24.86,1376547
HVN,20180927,2018-09-27,25.05,25.05,24.56,24.8,1278660
HVN,20180928,2018-09-28,24.99,25.41,24.74,25.17,1004967
HVN,20181001,2018-10-01,25.11,25.72,24.8,24.99,904188
HVN,20181002,2018-10-02,24.74,24.99,24.07,24.32,1547015
HVN,20181003,2018-10-03,24.38,24.38,23.95,24.01,800029
HVN,20181004,2018-10-04,24.13,24.56,24.01,24.32,419440
HVN,20181005,2018-10-05,24.32,24.32,23.95,24.01,506215
HVN,20181008,2018-10-08,24.13,24.13,23.22,23.28,840280
HVN,20181009,2018-10-09,23.28,23.71,23.22,23.46,460275
HVN,20181010,2018-10-10,23.46,23.65,23.16,23.4,307188
HVN,20181011,2018-10-11,23.16,23.16,20.66,21.33,1582622
HVN,20181012,2018-10-12,21.33,22.43,20.6,22.18,969447
HVN,20181015,2018-10-15,21.94,22.18,21.57,21.69,451515
HVN,20181016,2018-10-16,21.51,22.06,21.51,21.94,317482
HVN,20181017,2018-10-17,22.24,22.49,22.0,22.0,333873
HVN,20181018,2018-10-18,22.06,22.06,21.45,21.76,421299
HVN,20181019,2018-10-19,21.63,21.76,21.02,21.69,387780
HVN,20181022,2018-10-22,21.76,21.82,21.15,21.15,279580
HVN,20181023,2018-10-23,21.45,21.45,20.11,20.78,548870
HVN,20181024,2018-10-24,20.72,20.9,20.17,20.29,416077
HVN,20181025,2018-10-25,20.42,20.42,19.14,19.87,651695
HVN,20181026,2018-10-26,19.99,20.17,19.56,19.74,419750
HVN,20181029,2018-10-29,19.74,19.81,19.38,19.5,228412
HVN,20181030,2018-10-30,19.38,19.74,19.2,19.68,375221
HVN,20181031,2018-10-31,19.74,20.42,19.74,20.42,404715
HVN,20181101,2018-11-01,20.48,20.54,19.5,19.68,420533
HVN,20181102,2018-11-02,19.81,20.11,19.5,20.05,485267
HVN,20181105,2018-11-05,20.05,20.05,19.44,19.99,389790
HVN,20181106,2018-11-06,19.99,20.23,19.68,19.87,318645
HVN,20181107,2018-11-07,19.99,19.99,19.5,19.68,233370
HVN,20181108,2018-11-08,19.74,20.29,19.74,20.17,585090
HVN,20181109,2018-11-09,20.17,21.02,20.05,20.48,703370
HVN,20181112,2018-11-12,20.48,20.54,19.93,20.05,324000
HVN,20181113,2018-11-13,19.81,19.87,19.38,19.5,989722
HVN,20181114,2018-11-14,18.89,19.68,18.77,18.95,521550
HVN,20181115,2018-11-15,19.14,19.14,18.59,18.89,296004
HVN,20181116,2018-11-16,19.07,19.38,19.01,19.14,237936
HVN,20181119,2018-11-19,19.14,19.62,16.45,19.68,272695
HVN,20181120,2018-11-20,18.89,19.44,16.58,19.26,198036
HVN,20181121,2018-11-21,19.14,20.17,18.95,20.11,611399
HVN,20181122,2018-11-22,20.11,20.23,19.81,19.93,294915
HVN,20181123,2018-11-23,19.81,19.99,19.62,19.62,229435
HVN,20181126,2018-11-26,19.68,20.29,19.5,20.11,514996
HVN,20181127,2018-11-27,20.23,20.23,19.81,19.87,225315
HVN,20181128,2018-11-28,19.99,20.17,19.87,19.99,150500
HVN,20181129,2018-11-29,20.11,20.9,20.11,20.48,1189856
HVN,20181130,2018-11-30,20.48,21.09,20.23,20.6,277172
HVN,20181203,2018-12-03,20.72,21.27,20.54,21.15,517134
HVN,20181204,2018-12-04,21.33,21.39,20.84,21.09,723899
HVN,20181205,2018-12-05,20.84,21.02,20.6,20.9,397680
HVN,20181206,2018-12-06,20.42,21.21,20.42,20.96,409544
HVN,20181207,2018-12-07,21.02,21.51,20.9,21.27,571010
HVN,20181210,2018-12-10,21.27,21.27,20.78,20.84,295299
HVN,20181211,2018-12-11,21.02,21.02,20.6,20.72,248953
HVN,20181212,2018-12-12,20.78,20.96,20.66,20.72,290288
HVN,20181213,2018-12-13,20.84,21.57,20.66,21.09,512614
HVN,20181214,2018-12-14,21.09,21.27,20.78,20.84,281137
HVN,20181217,2018-12-17,20.9,20.9,20.11,20.11,361495
HVN,20181218,2018-12-18,20.11,20.11,19.68,20.05,451949
HVN,20181219,2018-12-19,20.23,20.29,19.87,20.23,183140
HVN,20181220,2018-12-20,20.11,20.23,19.93,20.17,113733
HVN,20181221,2018-12-21,20.05,20.11,19.87,19.99,237869
HVN,20181224,2018-12-24,20.17,20.17,19.93,20.11,225323
HVN,20181225,2018-12-25,19.56,19.74,19.01,19.5,363310
HVN,20181226,2018-12-26,19.5,20.05,19.5,20.05,248840
HVN,20181227,2018-12-27,20.35,20.42,20.11,20.17,157415
HVN,20181228,2018-12-28,20.23,20.35,20.05,20.11,180698
HVN,20190102,2019-01-02,20.17,22.12,20.17,21.76,1723444
HVN,20190103,2019-01-03,21.82,22.12,20.9,20.96,679554
HVN,20190104,2019-01-04,20.96,21.33,20.72,21.21,472287
HVN,20190107,2019-01-07,21.15,21.76,21.09,21.63,490463
HVN,20190108,2019-01-08,21.51,21.69,21.33,21.63,607856
HVN,20190109,2019-01-09,21.69,22.73,21.69,22.55,1719633
HVN,20190110,2019-01-10,22.49,22.85,22.3,22.61,609390
HVN,20190111,2019-01-11,22.61,22.73,22.43,22.55,482237
HVN,20190114,2019-01-14,22.55,22.55,22.12,22.24,482904
HVN,20190115,2019-01-15,22.24,22.49,22.06,22.43,308714
HVN,20190116,2019-01-16,22.55,22.85,22.43,22.67,498036
HVN,20190117,2019-01-17,22.61,22.61,22.49,22.49,477663
HVN,20190118,2019-01-18,22.55,22.55,21.88,21.94,541819
HVN,20190121,2019-01-21,21.94,22.43,21.69,22.24,373144
HVN,20190122,2019-01-22,22.24,23.16,22.12,22.97,1198320
HVN,20190123,2019-01-23,22.73,23.4,22.73,23.04,572020
HVN,20190124,2019-01-24,23.1,23.1,22.79,22.85,195290
HVN,20190125,2019-01-25,22.79,22.85,22.55,22.67,435979
HVN,20190128,2019-01-28,22.55,22.85,22.55,22.85,226840
HVN,20190129,2019-01-29,22.79,23.16,22.61,22.97,357285
HVN,20190130,2019-01-30,22.97,23.52,22.97,23.52,740010
HVN,20190131,2019-01-31,23.65,24.01,23.46,23.83,854692
HVN,20190201,2019-02-01,23.71,23.83,23.52,23.77,346548
HVN,20190211,2019-02-11,23.77,24.32,23.77,24.25,404522
HVN,20190212,2019-02-12,24.25,24.44,23.95,24.13,764010
HVN,20190213,2019-02-13,24.07,25.29,24.07,24.99,1358886
HVN,20190214,2019-02-14,24.99,25.11,24.74,24.74,493193
HVN,20190215,2019-02-15,24.74,24.8,24.5,24.56,545138
HVN,20190218,2019-02-18,24.56,24.86,24.19,24.68,758260
HVN,20190219,2019-02-19,24.62,25.11,22.61,23.4,1861529
HVN,20190220,2019-02-20,23.52,23.65,22.97,23.22,743986
HVN,20190221,2019-02-21,23.22,23.77,23.1,23.77,628856
HVN,20190222,2019-02-22,23.65,23.89,23.16,23.83,982187
HVN,20190225,2019-02-25,23.71,24.25,23.46,23.58,655181
HVN,20190226,2019-02-26,23.71,23.89,23.46,23.65,542700
HVN,20190227,2019-02-27,23.65,24.68,23.65,24.5,1931085
HVN,20190228,2019-02-28,24.38,24.68,23.89,23.89,1055368
HVN,20190301,2019-03-01,23.89,24.8,23.89,24.68,1231293
HVN,20190304,2019-03-04,24.5,26.2,24.5,26.14,2159830
HVN,20190305,2019-03-05,26.2,26.2,25.78,25.96,1352465
HVN,20190306,2019-03-06,25.29,26.08,25.29,25.84,815962
HVN,20190307,2019-03-07,25.72,26.08,25.53,25.6,713115
HVN,20190308,2019-03-08,25.6,25.6,24.74,24.86,1517915
HVN,20190311,2019-03-11,24.8,25.17,24.62,24.86,822075
HVN,20190312,2019-03-12,24.92,25.29,24.86,25.11,1432746
HVN,20190313,2019-03-13,25.11,25.11,24.8,24.86,1124763
HVN,20190314,2019-03-14,24.74,25.84,24.74,25.6,1510829
HVN,20190315,2019-03-15,25.29,25.9,25.29,25.78,1287320
HVN,20190318,2019-03-18,25.6,26.75,25.6,26.39,2222011
HVN,20190319,2019-03-19,26.45,26.57,25.6,25.72,1174541
HVN,20190320,2019-03-20,25.66,25.84,25.23,25.78,930047
HVN,20190321,2019-03-21,25.6,26.08,24.99,25.11,2197087
HVN,20190322,2019-03-22,25.23,25.41,24.86,25.29,1009338
HVN,20190325,2019-03-25,24.99,25.11,24.25,24.74,932690
HVN,20190326,2019-03-26,24.74,24.99,24.5,24.68,481600
HVN,20190327,2019-03-27,24.62,25.17,24.62,24.99,931234
HVN,20190328,2019-03-28,24.92,25.05,24.74,24.99,296111
HVN,20190329,2019-03-29,24.99,25.35,24.92,24.99,468418
HVN,20190401,2019-04-01,25.23,25.23,24.92,24.92,485279
HVN,20190402,2019-04-02,25.11,25.23,24.86,24.92,681023
HVN,20190403,2019-04-03,24.99,24.99,24.62,24.74,394580
HVN,20190404,2019-04-04,24.8,25.17,24.74,24.99,593592
HVN,20190405,2019-04-05,24.99,25.17,24.8,24.99,307187
HVN,20190408,2019-04-08,24.92,25.17,24.92,25.05,513274
HVN,20190409,2019-04-09,25.11,25.17,24.56,24.56,894113
HVN,20190410,2019-04-10,24.68,24.74,23.89,24.07,1040263
HVN,20190411,2019-04-11,24.19,24.19,23.65,23.83,688483
HVN,20190412,2019-04-12,23.77,24.99,23.46,24.92,1174325
HVN,20190416,2019-04-16,24.92,25.29,24.56,25.11,1077679
HVN,20190417,2019-04-17,24.99,25.11,24.5,24.62,670896
HVN,20190418,2019-04-18,24.74,24.74,24.25,24.5,635353
HVN,20190419,2019-04-19,24.56,24.92,24.32,24.74,713845
HVN,20190422,2019-04-22,24.74,24.92,24.5,24.56,654120
HVN,20190507,2019-05-07,25.23,25.9,24.68,24.68,1255680
HVN,20190508,2019-05-08,24.38,24.38,23.95,23.98,514730
HVN,20190509,2019-05-09,24.32,24.32,23.8,23.86,332280
HVN,20190510,2019-05-10,23.86,24.16,23.49,23.83,545760
HVN,20190513,2019-05-13,23.77,24.65,23.46,24.44,759280
HVN,20190514,2019-05-14,24.19,25.11,24.13,25.11,963990
HVN,20190515,2019-05-15,25.17,25.41,24.86,24.86,654310
HVN,20190516,2019-05-16,24.86,24.99,24.74,24.74,271190
HVN,20190517,2019-05-17,24.92,25.11,24.71,24.74,516050
HVN,20190520,2019-05-20,24.74,25.14,24.74,25.08,839280
HVN,20190521,2019-05-21,25.23,25.87,25.23,25.78,2206220
HVN,20190522,2019-05-22,25.84,26.36,25.66,25.96,1690050
HVN,20190523,2019-05-23,25.96,26.08,25.84,26.08,830590
HVN,20190524,2019-05-24,26.08,26.39,25.84,26.11,1508050
HVN,20190527,2019-05-27,26.11,26.45,25.99,26.45,785510
HVN,20190528,2019-05-28,26.69,27.42,26.63,27.42,1946040
HVN,20190529,2019-05-29,27.42,27.42,26.75,27.06,1069250
HVN,20190530,2019-05-30,27.18,27.61,26.81,27.33,1309010
HVN,20190531,2019-05-31,27.43,27.64,27.08,27.08,1401520
HVN,20190603,2019-06-03,26.8,26.8,25.62,25.62,1032910
HVN,20190604,2019-06-04,26.12,26.12,25.62,25.84,566630
HVN,20190605,2019-06-05,26.43,26.43,25.93,26.18,463030
HVN,20190606,2019-06-06,26.12,26.15,25.71,25.87,354600
HVN,20190607,2019-06-07,26.18,26.93,25.99,26.93,1115580
HVN,20190610,2019-06-10,27.18,27.18,26.83,26.96,690310
HVN,20190611,2019-06-11,26.96,27.24,26.8,26.99,769000
HVN,20190612,2019-06-12,26.99,27.3,26.93,27.05,846880
HVN,20190613,2019-06-13,26.96,27.05,26.27,26.27,725360
HVN,20190614,2019-06-14,26.27,26.68,26.12,26.65,519420
HVN,20190617,2019-06-17,26.55,26.77,26.02,26.3,513740
HVN,20190618,2019-06-18,26.43,26.49,26.15,26.49,309680
HVN,20190619,2019-06-19,26.8,27.08,26.62,26.71,580300
HVN,20190620,2019-06-20,26.71,27.24,26.71,27.18,1009120
HVN,20190621,2019-06-21,27.36,27.36,26.74,26.93,757270
HVN,20190624,2019-06-24,27.05,27.05,26.71,26.74,498780
HVN,20190625,2019-06-25,26.74,26.74,26.3,26.3,1131940
HVN,20190626,2019-06-26,26.24,26.3,25.9,25.9,1139200
HVN,20190627,2019-06-27,26.05,26.12,25.68,25.68,822260
HVN,20190628,2019-06-28,25.68,26.18,25.68,26.18,662860
HVN,20190701,2019-07-01,26.4,26.43,26.12,26.18,296100
HVN,20190702,2019-07-02,26.37,26.37,26.05,26.18,296650
HVN,20190703,2019-07-03,26.18,26.18,25.99,26.05,225240
HVN,20190704,2019-07-04,26.18,26.4,26.18,26.37,467430
HVN,20190705,2019-07-05,26.43,26.46,26.27,26.3,466800
HVN,20190708,2019-07-08,26.21,26.74,26.15,26.74,850800
HVN,20190709,2019-07-09,26.74,26.8,26.55,26.68,489360
HVN,20190710,2019-07-10,26.65,27.21,26.65,26.96,1895640
HVN,20190711,2019-07-11,27.11,27.3,26.83,27.24,1048620
HVN,20190712,2019-07-12,27.21,27.61,27.15,27.36,1585470
HVN,20190715,2019-07-15,27.36,27.36,27.21,27.27,584740
HVN,20190716,2019-07-16,27.33,27.61,26.05,26.24,3059790
HVN,20190717,2019-07-17,26.24,26.58,26.05,26.49,1039330
HVN,20190718,2019-07-18,26.24,26.55,26.24,26.49,397910
HVN,20190719,2019-07-19,26.49,26.49,26.15,26.21,718570
HVN,20190722,2019-07-22,26.18,26.49,26.15,26.18,553500
HVN,20190723,2019-07-23,26.18,26.8,26.18,26.62,716430
HVN,20190724,2019-07-24,26.68,26.74,26.49,26.49,605350
HVN,20190725,2019-07-25,26.37,26.71,26.37,26.68,462160
HVN,20190726,2019-07-26,26.74,26.74,26.55,26.65,421020
HVN,20190729,2019-07-29,26.55,26.55,26.18,26.49,325580
HVN,20190730,2019-07-30,26.18,26.43,26.12,26.12,477390
HVN,20190731,2019-07-31,25.96,26.12,25.8,25.96,552290
HVN,20190801,2019-08-01,25.87,25.99,25.68,25.68,487820
HVN,20190802,2019-08-02,25.43,25.43,24.81,24.93,949220
HVN,20190805,2019-08-05,24.93,25.24,24.9,24.96,424610
HVN,20190806,2019-08-06,24.5,24.87,24.18,24.18,1086940
HVN,20190807,2019-08-07,24.31,24.62,24.31,24.43,659210
HVN,20190808,2019-08-08,24.43,24.9,24.31,24.9,321310
HVN,20190809,2019-08-09,24.62,24.93,24.5,24.53,417620
HVN,20190812,2019-08-12,24.56,24.87,24.5,24.56,281730
HVN,20190813,2019-08-13,24.4,24.59,24.34,24.43,347810
HVN,20190814,2019-08-14,24.56,24.62,24.43,24.43,217170
HVN,20190815,2019-08-15,23.75,24.43,23.75,24.06,420630
HVN,20190816,2019-08-16,24.06,24.31,24.06,24.25,326360
HVN,20190819,2019-08-19,24.43,24.43,24.28,24.34,145610
HVN,20190820,2019-08-20,24.31,24.59,24.31,24.31,324230
HVN,20190821,2019-08-21,24.31,24.56,24.31,24.5,365760
HVN,20190822,2019-08-22,24.62,24.62,24.31,24.31,271630
HVN,20190823,2019-08-23,24.37,24.37,23.87,24.06,433570
HVN,20190826,2019-08-26,23.69,24.06,23.28,23.37,632660
HVN,20190827,2019-08-27,23.44,23.75,22.47,22.47,1169520
HVN,20190828,2019-08-28,22.47,22.75,22.16,22.16,630220
HVN,20190829,2019-08-29,22.19,22.63,22.19,22.44,379250
HVN,20190830,2019-08-30,22.59,22.78,22.44,22.59,336220
HVN,20190903,2019-09-03,22.75,22.81,22.19,22.44,343430
HVN,20190904,2019-09-04,22.44,22.44,21.91,21.91,388440
HVN,20190905,2019-09-05,22.28,22.35,21.91,21.91,306880
HVN,20190906,2019-09-06,21.94,21.97,21.35,21.38,522990
HVN,20190909,2019-09-09,21.32,21.44,20.54,20.79,993180
HVN,20190910,2019-09-10,20.79,20.79,19.95,20.13,1074770
HVN,20190911,2019-09-11,20.07,20.48,20.01,20.48,508540
HVN,20190912,2019-09-12,20.57,21.38,20.57,21.32,468280
HVN,20190913,2019-09-13,21.32,21.5,20.88,21.32,416510
HVN,20190916,2019-09-16,21.25,21.32,20.69,20.76,504630
HVN,20190917,2019-09-17,20.76,20.76,20.44,20.57,553770
HVN,20190918,2019-09-18,20.57,21.07,20.57,20.88,401290
HVN,20190919,2019-09-19,20.94,21.13,20.88,21.13,249340
HVN,20190920,2019-09-20,21.13,21.19,20.76,20.79,383340
HVN,20190923,2019-09-23,20.79,20.82,20.6,20.6,244580
HVN,20190924,2019-09-24,20.63,20.82,20.6,20.66,194130
HVN,20190925,2019-09-25,20.66,20.82,20.6,20.69,280240
HVN,20190926,2019-09-26,20.69,20.72,20.38,20.48,430850
HVN,20190927,2019-09-27,20.57,20.6,20.41,20.44,224060
HVN,20190930,2019-09-30,20.48,21.01,20.48,20.94,464990
HVN,20191001,2019-10-01,20.97,20.97,20.82,20.94,241630
HVN,20191002,2019-10-02,20.94,20.94,20.57,20.66,364760
HVN,20191003,2019-10-03,20.32,20.54,20.29,20.44,243500
HVN,20191004,2019-10-04,20.44,20.91,20.44,20.66,203770
HVN,20191007,2019-10-07,20.66,20.76,20.35,20.35,181890
HVN,20191008,2019-10-08,20.54,20.79,20.35,20.79,335530
HVN,20191009,2019-10-09,20.76,21.75,20.63,21.69,1391720
HVN,20191010,2019-10-10,21.82,22.44,21.75,22.1,1067610
HVN,20191011,2019-10-11,22.0,22.1,21.82,21.88,556930
HVN,20191014,2019-10-14,21.88,21.94,21.72,21.82,506600
HVN,20191015,2019-10-15,21.88,22.38,21.75,22.25,691580
HVN,20191016,2019-10-16,22.59,22.59,22.28,22.28,498840
HVN,20191017,2019-10-17,22.44,22.44,21.97,22.0,310880
HVN,20191018,2019-10-18,21.88,22.13,21.63,21.63,427470
HVN,20191021,2019-10-21,21.63,21.63,21.35,21.35,320520
HVN,20191022,2019-10-22,21.38,22.0,21.38,21.97,311610
HVN,20191023,2019-10-23,21.97,22.07,21.75,21.75,352990
HVN,20191024,2019-10-24,21.75,22.0,21.66,22.0,278870
HVN,20191025,2019-10-25,22.13,22.28,22.0,22.19,360100
HVN,20191028,2019-10-28,22.19,22.31,21.82,21.88,276140
HVN,20191029,2019-10-29,21.88,22.07,21.82,21.97,312200
HVN,20191030,2019-10-30,21.97,22.07,21.88,21.91,351700
HVN,20191031,2019-10-31,21.82,21.94,21.75,21.82,394190
HVN,20191101,2019-11-01,22.0,22.78,21.97,22.75,1540650
HVN,20191104,2019-11-04,22.81,22.81,22.44,22.72,867720
HVN,20191105,2019-11-05,22.69,22.75,22.5,22.72,406220
HVN,20191106,2019-11-06,22.66,22.69,22.31,22.38,536950
HVN,20191107,2019-11-07,22.38,22.63,22.38,22.56,313150
HVN,20191108,2019-11-08,22.69,22.69,22.44,22.5,264110
HVN,20191111,2019-11-11,22.63,22.72,22.41,22.41,412590
HVN,20191112,2019-11-12,22.41,22.63,22.19,22.53,452140
HVN,20191113,2019-11-13,22.5,22.56,22.31,22.35,299670
HVN,20191114,2019-11-14,22.38,22.53,22.19,22.19,332150
HVN,20191115,2019-11-15,22.38,22.38,21.88,21.94,487800
HVN,20191118,2019-11-18,21.94,22.13,21.6,21.63,276560
HVN,20191119,2019-11-19,21.6,21.82,21.57,21.66,185980
HVN,20191120,2019-11-20,21.88,21.88,21.66,21.69,197170
HVN,20191121,2019-11-21,21.69,21.82,21.63,21.69,216420
HVN,20191122,2019-11-22,21.69,21.78,21.07,21.07,607680
HVN,20191125,2019-11-25,20.97,21.01,20.57,20.94,428140
HVN,20191126,2019-11-26,21.07,21.16,20.94,21.13,198510
HVN,20191127,2019-11-27,21.13,21.38,21.07,21.38,284510
HVN,20191128,2019-11-28,21.38,21.63,21.1,21.47,387800
HVN,20191129,2019-11-29,21.38,21.82,21.38,21.78,330370
HVN,20191202,2019-12-02,21.82,21.91,21.5,21.88,585250
HVN,20191203,2019-12-03,21.88,22.1,21.5,22.07,520910
HVN,20191204,2019-12-04,22.1,22.13,21.94,22.13,292750
HVN,20191205,2019-12-05,22.13,22.31,22.13,22.28,456310
HVN,20191206,2019-12-06,22.28,22.31,21.91,21.91,582610
HVN,20191209,2019-12-09,21.63,21.91,21.5,21.6,226580
HVN,20191210,2019-12-10,21.69,21.69,21.25,21.32,152340
HVN,20191211,2019-12-11,21.25,21.38,21.16,21.25,137730
HVN,20191212,2019-12-12,21.5,21.57,21.29,21.57,154360
HVN,20191213,2019-12-13,21.57,21.82,21.57,21.57,120870
HVN,20191216,2019-12-16,21.57,21.66,21.29,21.32,159640
HVN,20191217,2019-12-17,21.41,21.41,21.07,21.07,242640
HVN,20191218,2019-12-18,21.19,21.19,20.66,20.76,269700
HVN,20191219,2019-12-19,20.76,21.38,20.6,21.32,219280
HVN,20191220,2019-12-20,21.5,21.5,21.07,21.1,99440
HVN,20191223,2019-12-23,21.19,21.47,21.1,21.41,193480
HVN,20191224,2019-12-24,21.47,21.5,21.07,21.19,161890
HVN,20191225,2019-12-25,21.07,21.35,21.07,21.32,131980
HVN,20191226,2019-12-26,21.32,21.38,21.13,21.13,90240
HVN,20191227,2019-12-27,21.13,21.19,21.07,21.13,286840
HVN,20191230,2019-12-30,21.19,21.5,21.13,21.13,339280
HVN,20191231,2019-12-31,21.13,21.13,20.69,21.04,490540
HVN,20200102,2020-01-02,21.04,21.41,20.88,21.38,134600
HVN,20200103,2020-01-03,21.5,21.5,21.16,21.25,151600
HVN,20200106,2020-01-06,21.25,21.25,20.82,20.88,176000
HVN,20200107,2020-01-07,20.94,21.01,20.63,20.85,108420
HVN,20200108,2020-01-08,20.57,20.76,20.26,20.26,386610
HVN,20200109,2020-01-09,20.57,20.69,20.32,20.32,199950
HVN,20200110,2020-01-10,20.48,20.48,20.26,20.32,161600
HVN,20200113,2020-01-13,20.32,20.41,20.29,20.32,127840
HVN,20200114,2020-01-14,20.32,20.38,19.88,20.07,262760
HVN,20200115,2020-01-15,19.98,20.07,19.82,19.85,247290
HVN,20200116,2020-01-16,19.95,20.57,19.88,20.57,241750
HVN,20200117,2020-01-17,20.57,20.57,20.29,20.29,155850
HVN,20200120,2020-01-20,20.29,20.38,20.01,20.04,158270
HVN,20200121,2020-01-21,20.26,20.54,20.1,20.41,225710
HVN,20200122,2020-01-22,20.41,20.44,20.32,20.44,129780
HVN,20200130,2020-01-30,19.26,20.01,19.04,19.04,1031650
HVN,20200131,2020-01-31,18.14,18.26,17.73,17.73,1098740
HVN,20200203,2020-02-03,16.52,17.08,16.52,16.83,1041750
HVN,20200204,2020-02-04,17.23,17.23,16.27,16.64,1066590
HVN,20200205,2020-02-05,16.83,16.86,16.49,16.52,661210
HVN,20200206,2020-02-06,16.33,16.52,16.21,16.46,1565540
HVN,20200207,2020-02-07,16.7,17.45,16.64,17.45,1155030
HVN,20200210,2020-02-10,17.45,17.45,16.89,17.02,411790
HVN,20200211,2020-02-11,16.86,17.08,16.86,16.95,487720
HVN,20200212,2020-02-12,16.95,17.45,16.95,17.39,729410
HVN,20200213,2020-02-13,16.95,17.45,16.95,17.14,671580
HVN,20200214,2020-02-14,17.33,17.36,16.95,16.99,437250
HVN,20200217,2020-02-17,16.83,16.83,16.52,16.61,711840
HVN,20200218,2020-02-18,16.67,17.14,16.64,16.77,468930
HVN,20200219,2020-02-19,17.02,17.02,16.77,16.77,279240
HVN,20200220,2020-02-20,16.89,17.14,16.77,16.83,509880
HVN,20200221,2020-02-21,16.74,16.77,16.52,16.77,668070
HVN,20200224,2020-02-24,16.46,16.64,15.61,15.61,1136480
HVN,20200225,2020-02-25,14.68,15.15,14.68,14.9,970060
HVN,20200226,2020-02-26,14.83,14.83,14.34,14.4,1109560
HVN,20200227,2020-02-27,14.34,14.9,14.34,14.65,674960
HVN,20200228,2020-02-28,14.59,14.59,14.27,14.34,783100
HVN,20200302,2020-03-02,14.27,14.27,13.62,13.84,1300540
HVN,20200303,2020-03-03,14.02,14.34,14.02,14.15,789840
HVN,20200304,2020-03-04,14.15,15.12,14.09,15.12,1625180
HVN,20200305,2020-03-05,15.46,16.14,15.21,16.08,2161890
HVN,20200306,2020-03-06,15.89,15.93,15.46,15.55,782600
HVN,20200309,2020-03-09,14.49,14.59,14.49,14.49,1236390
HVN,20200310,2020-03-10,13.49,14.52,13.49,14.34,1358740
HVN,20200311,2020-03-11,14.59,14.59,13.81,14.06,945960
HVN,20200312,2020-03-12,13.53,13.71,13.09,13.09,1190690
HVN,20200313,2020-03-13,12.47,13.09,12.19,12.96,942390
HVN,20200316,2020-03-16,12.96,13.09,12.59,12.84,432720
HVN,20200317,2020-03-17,12.72,13.21,12.47,13.21,746910
HVN,20200318,2020-03-18,13.21,13.4,12.9,12.96,782900
HVN,20200319,2020-03-19,12.78,12.9,12.34,12.4,1030030
HVN,20200320,2020-03-20,12.34,12.72,12.34,12.4,739420
HVN,20200323,2020-03-23,12.34,12.34,11.56,11.56,1101930
HVN,20200324,2020-03-24,11.31,11.59,10.91,11.41,716080
HVN,20200325,2020-03-25,11.69,12.03,11.66,12.03,810880
HVN,20200326,2020-03-26,12.03,12.28,11.72,12.06,562310
HVN,20200327,2020-03-27,11.91,12.47,11.91,12.03,808780
HVN,20200330,2020-03-30,11.53,11.78,11.22,11.28,998870
HVN,20200331,2020-03-31,11.72,11.72,11.09,11.09,1126200
HVN,20200401,2020-04-01,11.09,11.62,11.06,11.53,1344060
HVN,20200403,2020-04-03,11.53,12.03,11.53,12.03,826490
HVN,20200406,2020-04-06,12.34,12.87,12.34,12.87,1510090
HVN,20200407,2020-04-07,13.09,13.34,12.47,12.65,1547550
HVN,20200408,2020-04-08,12.03,12.4,11.97,12.34,987730
HVN,20200409,2020-04-09,12.34,13.0,12.22,12.87,1629860
HVN,20200410,2020-04-10,13.09,13.74,12.81,13.74,2440190
HVN,20200413,2020-04-13,14.68,14.68,14.34,14.68,1751120
HVN,20200414,2020-04-14,15.46,15.46,13.71,14.62,2779780
HVN,20200415,2020-04-15,14.15,15.15,14.02,15.08,1763390
HVN,20200416,2020-04-16,15.08,15.27,14.83,15.18,1633830
HVN,20200417,2020-04-17,15.27,16.17,15.24,16.11,2561940
HVN,20200420,2020-04-20,16.52,17.23,16.39,17.23,3756320
HVN,20200421,2020-04-21,17.23,18.08,16.52,16.95,3415200
HVN,20200422,2020-04-22,16.95,17.14,16.21,16.95,1530240
HVN,20200423,2020-04-23,17.76,17.76,17.2,17.33,1520660
HVN,20200424,2020-04-24,17.33,17.33,16.8,17.05,1101860
HVN,20200427,2020-04-27,17.08,17.14,16.52,16.55,1365730
HVN,20200428,2020-04-28,16.55,16.55,15.96,16.27,1154220
HVN,20200429,2020-04-29,16.33,16.89,16.33,16.77,887800
HVN,20200504,2020-05-04,16.64,16.74,16.27,16.27,573850
HVN,20200505,2020-05-05,16.27,16.39,15.96,16.21,649350
HVN,20200506,2020-05-06,16.21,16.46,16.05,16.46,797520
HVN,20200507,2020-05-07,16.67,16.83,16.58,16.64,725660
HVN,20200508,2020-05-08,16.7,17.02,16.64,16.8,1244600
HVN,20200511,2020-05-11,16.8,16.83,16.67,16.77,938070
HVN,20200512,2020-05-12,16.77,16.83,16.61,16.8,989670
HVN,20200513,2020-05-13,16.8,17.58,16.7,17.42,2738210
HVN,20200514,2020-05-14,17.33,17.45,17.27,17.27,1099110
HVN,20200515,2020-05-15,17.23,17.33,16.89,17.05,729330
HVN,20200518,2020-05-18,17.02,17.02,16.52,16.74,1173050
HVN,20200519,2020-05-19,17.08,17.33,16.86,16.86,946220
HVN,20200520,2020-05-20,17.14,17.14,16.89,16.99,741240
HVN,20200521,2020-05-21,17.02,17.17,16.95,17.02,660700
HVN,20200522,2020-05-22,17.05,17.08,16.77,16.77,961980
HVN,20200525,2020-05-25,16.8,16.8,16.58,16.7,687010
HVN,20200526,2020-05-26,16.77,17.08,16.74,17.05,1307740
HVN,20200527,2020-05-27,17.39,17.76,17.39,17.45,4179840
HVN,20200528,2020-05-28,17.45,17.58,17.23,17.33,779720
HVN,20200529,2020-05-29,17.27,17.27,17.02,17.14,849850
HVN,20200601,2020-06-01,17.64,17.64,17.14,17.27,1088590
HVN,20200602,2020-06-02,17.27,17.36,17.11,17.11,933450
HVN,20200603,2020-06-03,17.11,17.11,16.95,17.05,534160
HVN,20200604,2020-06-04,17.33,17.67,17.05,17.36,1782690
HVN,20200605,2020-06-05,17.45,17.89,17.33,17.61,2174220
HVN,20200608,2020-06-08,17.76,18.01,17.76,17.92,2200190
HVN,20200609,2020-06-09,18.08,18.98,18.01,18.79,3082330
HVN,20200610,2020-06-10,18.82,18.86,18.2,18.64,1710790
HVN,20200611,2020-06-11,18.7,18.7,17.45,17.45,2610590
HVN,20200612,2020-06-12,16.89,17.45,16.89,17.33,2078150
HVN,20200615,2020-06-15,17.02,17.45,16.52,16.95,2156210
HVN,20200616,2020-06-16,16.95,17.48,16.95,17.45,830710
HVN,20200617,2020-06-17,17.64,17.64,17.23,17.42,995810
HVN,20200618,2020-06-18,17.33,17.33,17.11,17.17,478230
HVN,20200619,2020-06-19,17.14,17.2,16.95,17.05,637820
HVN,20200622,2020-06-22,16.83,16.99,16.67,16.83,872120
HVN,20200623,2020-06-23,16.83,17.2,16.77,16.89,531200
HVN,20200624,2020-06-24,16.95,17.02,16.83,16.83,333470
HVN,20200625,2020-06-25,16.52,16.83,16.52,16.64,455080
HVN,20200626,2020-06-26,16.77,16.89,16.39,16.39,671180
HVN,20200629,2020-06-29,16.39,16.39,15.36,15.52,860600
HVN,20200630,2020-06-30,15.65,16.21,15.55,15.65,576000
HVN,20200701,2020-07-01,15.65,16.11,15.65,16.02,280530
HVN,20200702,2020-07-02,16.21,16.21,15.96,15.96,258190
HVN,20200703,2020-07-03,16.08,16.33,16.08,16.14,213820
HVN,20200706,2020-07-06,16.21,16.39,16.14,16.21,208620
HVN,20200707,2020-07-07,16.21,16.52,16.21,16.36,450690
HVN,20200708,2020-07-08,16.39,16.55,16.36,16.39,345230
HVN,20200709,2020-07-09,16.39,16.7,16.39,16.58,365740
HVN,20200710,2020-07-10,16.58,16.58,16.3,16.46,389310
HVN,20200713,2020-07-13,16.42,16.52,16.33,16.36,278810
HVN,20200714,2020-07-14,16.36,16.52,16.33,16.46,283090
HVN,20200715,2020-07-15,16.58,16.58,16.39,16.49,243980
HVN,20200716,2020-07-16,16.52,16.55,16.42,16.42,259920
HVN,20200717,2020-07-17,16.46,16.46,16.27,16.33,241890
HVN,20200720,2020-07-20,16.33,16.42,16.21,16.21,257240
HVN,20200721,2020-07-21,16.21,16.33,16.05,16.14,225820
HVN,20200722,2020-07-22,16.27,16.27,16.08,16.08,162030
HVN,20200723,2020-07-23,16.08,16.21,16.08,16.08,203920
HVN,20200724,2020-07-24,16.08,16.17,14.96,15.18,898830
HVN,20200727,2020-07-27,14.12,14.15,14.12,14.12,844630
HVN,20200728,2020-07-28,13.21,14.34,13.21,14.34,1314370
HVN,20200729,2020-07-29,13.49,13.96,13.34,13.49,1210250
HVN,20200730,2020-07-30,13.49,13.93,13.49,13.71,513710
HVN,20200731,2020-07-31,13.56,13.59,13.25,13.53,421410
HVN,20200803,2020-08-03,13.4,13.9,13.28,13.9,568280
HVN,20200804,2020-08-04,13.96,14.4,13.96,14.37,820570
HVN,20200805,2020-08-05,14.59,15.05,14.46,14.96,925870
HVN,20200806,2020-08-06,14.96,14.96,14.46,14.8,773860
HVN,20200807,2020-08-07,14.46,14.77,14.46,14.74,389600
HVN,20200810,2020-08-10,14.77,14.96,14.71,14.74,544400
HVN,20200811,2020-08-11,14.77,14.96,14.65,14.68,562500
HVN,20200812,2020-08-12,14.74,15.12,14.74,14.99,948460
HVN,20200813,2020-08-13,15.58,15.58,15.02,15.58,719630
HVN,20200814,2020-08-14,15.58,15.58,15.27,15.33,560450
HVN,20200817,2020-08-17,15.33,15.33,14.83,15.02,658400
HVN,20200818,2020-08-18,15.02,15.27,14.99,15.02,253430
HVN,20200819,2020-08-19,15.02,15.24,15.02,15.15,194430
HVN,20200820,2020-08-20,15.15,15.15,14.9,15.02,430960
HVN,20200821,2020-08-21,15.05,15.12,14.99,15.08,331710
HVN,20200824,2020-08-24,15.27,15.27,15.12,15.24,679010
HVN,20200825,2020-08-25,15.33,15.52,15.24,15.46,759750
HVN,20200826,2020-08-26,15.55,15.55,15.36,15.4,471370
HVN,20200827,2020-08-27,15.33,15.43,15.15,15.33,462700
HVN,20200828,2020-08-28,15.52,15.52,15.24,15.36,631340
HVN,20200831,2020-08-31,15.65,16.14,15.58,16.02,1369150
HVN,20200901,2020-09-01,16.33,16.58,16.21,16.52,1425850
HVN,20200903,2020-09-03,16.83,16.83,16.21,16.46,1279610
HVN,20200904,2020-09-04,16.08,16.33,15.89,16.33,1125480
HVN,20200907,2020-09-07,16.46,16.61,16.33,16.33,954110
HVN,20200908,2020-09-08,16.46,16.49,16.21,16.33,320450
HVN,20200909,2020-09-09,16.21,16.33,16.14,16.33,286550
HVN,20200910,2020-09-10,16.46,16.49,16.3,16.33,465920
HVN,20200911,2020-09-11,16.36,16.36,16.27,16.33,350280
HVN,20200914,2020-09-14,16.39,16.99,16.39,16.99,1593440
HVN,20200915,2020-09-15,17.02,17.02,16.61,16.8,1011440
HVN,20200916,2020-09-16,16.95,17.02,16.77,16.77,624310
HVN,20200917,2020-09-17,16.77,16.8,16.7,16.7,614640
HVN,20200918,2020-09-18,16.7,16.77,16.67,16.74,375150
HVN,20200921,2020-09-21,16.74,16.83,16.74,16.74,714820
HVN,20200922,2020-09-22,16.52,16.7,16.52,16.61,324540
HVN,20200923,2020-09-23,16.77,16.8,16.67,16.74,362250
HVN,20200924,2020-09-24,16.7,16.74,16.64,16.67,409270
HVN,20200925,2020-09-25,16.67,16.74,16.61,16.64,320370
HVN,20200928,2020-09-28,16.61,16.7,16.61,16.64,469570
HVN,20200929,2020-09-29,16.64,16.77,16.61,16.67,916640
HVN,20200930,2020-09-30,16.64,16.7,16.55,16.64,343720
HVN,20201001,2020-10-01,16.7,17.14,16.7,17.02,1559450
HVN,20201002,2020-10-02,17.02,17.02,16.39,16.74,929580
HVN,20201005,2020-10-05,16.77,17.02,16.77,16.89,484960
HVN,20201006,2020-10-06,16.89,16.95,16.7,16.77,550300
HVN,20201007,2020-10-07,16.52,16.74,16.52,16.61,466110
HVN,20201008,2020-10-08,16.61,16.7,16.55,16.61,499750
HVN,20201009,2020-10-09,16.64,16.67,16.58,16.64,383110
HVN,20201012,2020-10-12,16.64,16.67,16.42,16.42,637920
HVN,20201013,2020-10-13,16.46,16.52,16.36,16.36,348660
HVN,20201014,2020-10-14,16.33,16.52,16.33,16.36,409830
HVN,20201015,2020-10-15,16.39,16.39,16.21,16.36,461430
HVN,20201016,2020-10-16,16.36,16.36,16.21,16.24,447420
HVN,20201019,2020-10-19,16.27,16.36,16.24,16.27,255690
HVN,20201020,2020-10-20,16.21,16.21,15.96,15.99,739960
HVN,20201021,2020-10-21,15.99,16.05,15.71,15.77,596180
HVN,20201022,2020-10-22,15.74,15.96,15.74,15.93,394600
HVN,20201023,2020-10-23,16.02,16.14,16.02,16.08,283830
HVN,20201026,2020-10-26,16.14,16.14,16.02,16.02,271330
HVN,20201027,2020-10-27,15.96,16.02,15.8,15.86,265650
HVN,20201028,2020-10-28,15.77,15.77,15.4,15.4,463260
HVN,20201029,2020-10-29,14.96,15.52,14.96,15.33,376600
HVN,20201030,2020-10-30,15.36,15.52,15.36,15.49,174420
HVN,20201102,2020-11-02,15.49,15.52,15.33,15.4,105160
HVN,20201103,2020-11-03,15.4,15.58,15.4,15.58,253640
HVN,20201104,2020-11-04,15.65,15.74,15.49,15.74,264860
HVN,20201105,2020-11-05,15.74,15.86,15.65,15.68,124400
HVN,20201106,2020-11-06,15.68,15.71,15.46,15.52,170030
HVN,20201109,2020-11-09,15.52,16.21,15.52,16.21,578530
HVN,20201110,2020-11-10,17.33,17.33,16.83,17.14,3518100
HVN,20201111,2020-11-11,17.2,17.2,16.7,16.83,875460
HVN,20201112,2020-11-12,16.83,16.89,16.55,16.7,576710
HVN,20201113,2020-11-13,16.52,16.92,16.42,16.92,1459130
HVN,20201116,2020-11-16,17.08,17.08,16.64,16.7,921370
HVN,20201117,2020-11-17,16.89,16.95,16.83,16.89,821070
HVN,20201118,2020-11-18,17.39,17.39,16.95,17.02,2813620
HVN,20201119,2020-11-19,17.02,17.02,16.77,16.83,763200
HVN,20201120,2020-11-20,16.77,17.05,16.64,16.95,977970
HVN,20201123,2020-11-23,17.02,17.05,16.74,16.83,673760
HVN,20201124,2020-11-24,16.83,16.92,16.67,16.67,982590
HVN,20201125,2020-11-25,16.7,16.83,16.7,16.74,657860
HVN,20201126,2020-11-26,16.74,16.77,16.58,16.64,449000
HVN,20201127,2020-11-27,16.64,16.7,16.64,16.67,334760
HVN,20201130,2020-11-30,16.67,16.95,16.64,16.64,806660
HVN,20201201,2020-12-01,15.96,16.49,15.96,16.49,790900
HVN,20201202,2020-12-02,16.39,16.39,16.24,16.33,807120
HVN,20201203,2020-12-03,16.3,16.33,16.24,16.3,587680
HVN,20201204,2020-12-04,16.3,16.52,16.3,16.46,483950
HVN,20201207,2020-12-07,16.52,16.61,16.49,16.58,563080
HVN,20201208,2020-12-08,16.7,16.7,16.55,16.61,539900
HVN,20201209,2020-12-09,16.64,16.86,16.64,16.74,793890
HVN,20201210,2020-12-10,16.83,16.83,16.52,16.55,683250
HVN,20201211,2020-12-11,16.64,17.14,16.58,17.11,2357600
HVN,20201214,2020-12-14,17.33,17.36,17.14,17.27,1550880
HVN,20201215,2020-12-15,17.14,17.39,17.08,17.27,1228820
HVN,20201216,2020-12-16,17.2,17.98,17.14,17.76,1920380
HVN,20201217,2020-12-17,17.67,17.89,17.39,17.45,1586160
HVN,20201218,2020-12-18,17.48,17.7,17.48,17.55,942350
HVN,20201221,2020-12-21,17.58,17.64,17.48,17.61,1802010
HVN,20201222,2020-12-22,17.45,17.58,17.33,17.48,1207330
HVN,20201223,2020-12-23,17.51,17.55,17.27,17.3,1552100
HVN,20201224,2020-12-24,17.3,17.39,16.14,17.05,1157430
HVN,20201225,2020-12-25,17.33,17.7,16.99,17.55,1618240
HVN,20201228,2020-12-28,18.08,18.08,17.45,17.55,1556300
HVN,20201229,2020-12-29,17.55,17.7,17.36,17.64,1277340
HVN,20201230,2020-12-30,17.64,18.01,17.64,17.67,1104710
HVN,20201231,2020-12-31,17.67,17.8,17.61,17.64,742640
HVN,20210104,2021-01-04,17.8,18.01,17.64,17.8,1966600
HVN,20210105,2021-01-05,17.64,17.76,17.61,17.64,1310800
HVN,20210106,2021-01-06,17.64,17.64,17.45,17.55,1150000
HVN,20210107,2021-01-07,17.76,18.04,17.55,17.83,1668700
HVN,20210108,2021-01-08,17.95,18.33,17.95,18.2,2478600
HVN,20210111,2021-01-11,19.38,19.45,19.07,19.45,2407600
HVN,20210112,2021-01-12,20.2,20.2,19.91,19.95,2311500
HVN,20210113,2021-01-13,19.95,19.95,19.38,19.38,2170500
HVN,20210114,2021-01-14,19.42,19.45,18.98,19.2,1864700
HVN,20210115,2021-01-15,19.26,19.57,19.2,19.23,1423200
HVN,20210118,2021-01-18,19.23,19.26,19.07,19.1,1523800
HVN,20210119,2021-01-19,19.04,19.04,17.8,17.83,1713800
HVN,20210120,2021-01-20,17.83,18.2,16.86,17.89,1204200
HVN,20210121,2021-01-21,18.08,18.39,18.08,18.36,1008300
HVN,20210122,2021-01-22,18.39,18.51,18.08,18.2,1001700
HVN,20210125,2021-01-25,18.08,18.39,18.08,18.14,651900
HVN,20210126,2021-01-26,18.14,18.2,17.33,17.51,905900
HVN,20210127,2021-01-27,17.45,17.45,16.86,16.99,1005700
HVN,20210128,2021-01-28,15.83,16.08,15.8,15.8,1638500
HVN,20210129,2021-01-29,14.77,16.89,14.77,16.11,1063900
HVN,20210201,2021-02-01,16.14,16.21,15.65,15.65,748100
HVN,20210202,2021-02-02,15.71,15.77,15.27,15.77,570500
HVN,20210203,2021-02-03,15.86,16.36,15.86,16.3,530100
HVN,20210204,2021-02-04,16.21,16.58,16.21,16.27,529900
HVN,20210205,2021-02-05,16.33,16.58,16.33,16.52,433300
HVN,20210208,2021-02-08,16.52,16.52,15.4,15.93,820100
HVN,20210209,2021-02-09,15.93,16.42,15.89,16.42,446800
HVN,20210217,2021-02-17,16.46,16.99,16.46,16.99,680200
HVN,20210218,2021-02-18,17.02,17.02,16.8,16.99,837900
HVN,20210219,2021-02-19,16.83,16.95,16.61,16.77,1482400
HVN,20210222,2021-02-22,17.05,17.2,16.89,17.14,1278800
HVN,20210223,2021-02-23,17.14,17.95,17.14,17.83,1423300
HVN,20210224,2021-02-24,18.08,18.26,17.64,17.95,1925300
HVN,20210225,2021-02-25,18.26,18.39,17.95,18.08,1601700
HVN,20210226,2021-02-26,17.86,18.86,17.7,18.67,2176900
HVN,20210301,2021-03-01,18.89,19.6,18.82,19.57,2520200
HVN,20210302,2021-03-02,20.01,20.01,19.01,19.51,2010900
HVN,20210303,2021-03-03,19.32,19.32,19.01,19.26,1388500
HVN,20210304,2021-03-04,19.26,19.26,18.57,18.64,1615200
HVN,20210305,2021-03-05,18.54,19.2,18.2,19.1,1307800
HVN,20210308,2021-03-08,19.57,19.57,18.86,18.98,1311600
HVN,20210309,2021-03-09,18.7,18.95,18.57,18.79,920400
HVN,20210310,2021-03-10,18.67,19.2,18.64,19.2,1190200
HVN,20210311,2021-03-11,19.32,19.45,19.07,19.14,1396000
HVN,20210312,2021-03-12,19.2,19.2,18.98,18.98,693100
HVN,20210315,2021-03-15,18.98,19.04,18.76,18.82,1081900
HVN,20210316,2021-03-16,18.82,19.26,18.7,18.89,1295600
HVN,20210317,2021-03-17,18.89,19.32,18.89,19.2,1251700
HVN,20210318,2021-03-18,19.45,20.26,19.38,20.2,3907200
HVN,20210319,2021-03-19,20.2,21.19,20.01,20.91,3332500
HVN,20210322,2021-03-22,20.91,21.1,20.66,20.88,1803600
HVN,20210323,2021-03-23,20.57,20.79,20.26,20.32,2279800
HVN,20210324,2021-03-24,19.95,20.2,19.63,19.63,2220800
HVN,20210325,2021-03-25,19.82,20.63,19.63,20.16,1543100
HVN,20210326,2021-03-26,19.95,20.16,19.57,19.95,1505700
HVN,20210329,2021-03-29,20.57,20.57,20.26,20.44,1075200
HVN,20210330,2021-03-30,20.48,20.51,20.2,20.32,997400
HVN,20210331,2021-03-31,20.23,20.63,20.13,20.35,1253300
HVN,20210401,2021-04-01,20.63,21.1,20.57,21.07,2190000
HVN,20210402,2021-04-02,21.19,21.32,20.88,20.91,1254000
HVN,20210405,2021-04-05,21.01,21.19,20.76,20.82,1202900
HVN,20210406,2021-04-06,20.69,20.82,20.51,20.6,1453000
HVN,20210407,2021-04-07,20.57,20.57,20.41,20.57,948200
HVN,20210408,2021-04-08,20.57,20.88,20.57,20.76,851000
HVN,20210409,2021-04-09,20.76,20.82,20.66,20.66,710600
HVN,20210412,2021-04-12,20.13,20.51,20.13,20.44,2002500
HVN,20210413,2021-04-13,20.38,20.44,19.95,19.98,1076200
HVN,20210414,2021-04-14,19.73,19.95,19.63,19.95,884100
HVN,20210415,2021-04-15,19.95,20.01,19.63,19.7,831400
HVN,20210416,2021-04-16,19.7,19.95,18.98,19.32,1212200
HVN,20210419,2021-04-19,19.45,19.6,18.89,19.29,1165100
HVN,20210420,2021-04-20,19.29,19.6,19.17,19.45,796300
HVN,20210422,2021-04-22,19.45,19.45,18.82,18.82,1080800
HVN,20210423,2021-04-23,18.7,18.82,18.45,18.82,860800
HVN,20210426,2021-04-26,18.82,18.82,17.51,17.95,1106400
HVN,20210427,2021-04-27,17.95,18.01,17.51,17.92,790800
HVN,20210428,2021-04-28,17.92,18.08,17.76,17.95,528100
HVN,20210429,2021-04-29,17.95,18.2,17.95,18.08,466300
HVN,20210504,2021-05-04,16.83,18.08,16.83,17.02,1477900
HVN,20210505,2021-05-05,17.27,17.45,17.27,17.45,693200
HVN,20210506,2021-05-06,17.45,17.76,17.33,17.33,637400
HVN,20210507,2021-05-07,17.33,17.33,16.83,16.95,1021800
HVN,20210510,2021-05-10,16.52,16.77,16.52,16.58,1107600
HVN,20210511,2021-05-11,16.83,17.39,16.83,17.2,768900
HVN,20210512,2021-05-12,17.2,17.45,17.14,17.39,432100
HVN,20210513,2021-05-13,17.17,17.42,16.83,17.02,627100
HVN,20210514,2021-05-14,17.02,17.14,16.89,17.02,925400
HVN,20210517,2021-05-17,17.14,17.27,16.95,17.05,468800
HVN,20210518,2021-05-18,17.08,17.08,16.86,16.89,555900
HVN,20210519,2021-05-19,17.2,17.2,16.61,16.64,698600
HVN,20210520,2021-05-20,16.52,16.83,16.08,16.14,1289500
HVN,20210521,2021-05-21,15.89,16.8,15.89,16.67,1103900
HVN,20210524,2021-05-24,16.67,17.14,16.67,16.8,631600
HVN,20210525,2021-05-25,16.8,16.83,16.55,16.64,579300
HVN,20210526,2021-05-26,16.64,16.77,16.33,16.52,625600
HVN,20210527,2021-05-27,16.46,16.52,16.21,16.27,572900
HVN,20210528,2021-05-28,16.27,16.46,16.24,16.33,493800
HVN,20210531,2021-05-31,16.21,16.3,16.08,16.11,707200
HVN,20210601,2021-06-01,16.08,16.11,15.96,15.99,750100
HVN,20210602,2021-06-02,16.02,17.08,15.89,17.08,1603400
HVN,20210603,2021-06-03,17.08,17.11,16.7,16.83,1146200
HVN,20210604,2021-06-04,16.52,16.7,16.49,16.58,863700
HVN,20210607,2021-06-07,16.58,16.64,16.42,16.58,1276500
HVN,20210608,2021-06-08,16.95,17.14,16.7,16.89,1617100
HVN,20210609,2021-06-09,16.89,17.05,16.83,17.05,1021800
HVN,20210610,2021-06-10,17.02,17.02,16.77,16.83,648800
HVN,20210611,2021-06-11,16.86,17.76,16.52,17.76,1465900
HVN,20210614,2021-06-14,17.89,17.89,17.39,17.45,1260700
HVN,20210615,2021-06-15,17.45,17.64,17.42,17.48,872200
HVN,20210616,2021-06-16,17.48,17.51,17.14,17.17,1255600
HVN,20210617,2021-06-17,16.27,16.83,16.27,16.77,1447800
HVN,20210618,2021-06-18,16.77,17.08,16.58,16.89,1107900
HVN,20210621,2021-06-21,16.83,17.45,16.7,17.27,1281500
HVN,20210622,2021-06-22,17.64,17.64,17.17,17.17,1071800
HVN,20210623,2021-06-23,17.17,17.17,16.89,16.95,693800
HVN,20210624,2021-06-24,16.95,17.14,16.83,16.92,747300
HVN,20210625,2021-06-25,16.95,17.11,16.92,16.99,448900
HVN,20210628,2021-06-28,17.17,17.17,16.89,16.95,575800
HVN,20210629,2021-06-29,16.95,17.27,16.89,17.23,1026500
HVN,20210630,2021-06-30,17.23,17.23,17.08,17.2,573500
HVN,20210701,2021-07-01,17.2,17.23,16.99,17.2,504600
HVN,20210702,2021-07-02,17.2,17.2,16.95,17.08,532100
HVN,20210705,2021-07-05,17.02,17.08,16.77,16.83,717200
HVN,20210706,2021-07-06,16.83,16.86,16.52,16.52,702100
HVN,20210707,2021-07-07,16.46,16.52,15.89,16.24,725600
HVN,20210708,2021-07-08,16.24,16.64,16.24,16.39,457700
HVN,20210709,2021-07-09,16.39,16.39,16.14,16.27,539700
HVN,20210712,2021-07-12,16.21,16.27,15.27,15.52,871000
HVN,20210713,2021-07-13,15.65,16.08,15.65,15.93,388200
HVN,20210714,2021-07-14,16.39,16.52,15.93,16.02,398900
HVN,20210715,2021-07-15,16.05,16.21,16.05,16.17,241400
HVN,20210716,2021-07-16,16.24,16.24,15.89,15.89,457600
HVN,20210719,2021-07-19,15.58,15.65,14.9,14.96,810100
HVN,20210720,2021-07-20,15.27,15.3,14.99,15.27,358300
HVN,20210721,2021-07-21,15.46,15.68,15.33,15.58,268200
HVN,20210722,2021-07-22,15.58,15.77,15.58,15.71,264600
HVN,20210723,2021-07-23,15.58,15.58,15.27,15.27,668500
HVN,20210726,2021-07-26,14.96,15.27,14.96,14.99,652900
HVN,20210727,2021-07-27,15.15,15.15,14.99,15.05,784000
HVN,20210728,2021-07-28,14.83,15.02,14.71,14.83,1268800
HVN,20210729,2021-07-29,15.6,15.84,15.6,15.84,505600
HVN,20210730,2021-07-30,16.94,16.94,16.94,16.94,412300
HVN,20210802,2021-08-02,18.13,18.13,17.34,17.93,2559800
HVN,20210803,2021-08-03,17.93,17.97,17.42,17.54,787600
HVN,20210804,2021-08-04,17.42,17.54,17.18,17.18,946800
HVN,20210805,2021-08-05,16.94,17.14,16.71,17.06,1013400
HVN,20210806,2021-08-06,17.1,17.3,17.02,17.1,805600
HVN,20210809,2021-08-09,17.02,17.02,16.75,16.83,788200
HVN,20210810,2021-08-10,16.83,16.94,16.79,16.94,597000
HVN,20210811,2021-08-11,16.94,17.42,16.87,17.18,897600
HVN,20210812,2021-08-12,17.02,17.3,17.02,17.1,473500
HVN,20210813,2021-08-13,17.18,17.3,16.94,16.98,573600
HVN,20210816,2021-08-16,16.94,16.98,16.79,16.94,590000
HVN,20210817,2021-08-17,16.94,16.98,16.87,16.87,440200
HVN,20210818,2021-08-18,16.87,16.87,16.71,16.79,564100
HVN,20210819,2021-08-19,16.71,16.75,16.63,16.75,467300
HVN,20210820,2021-08-20,16.67,16.71,16.39,16.43,774300
HVN,20210823,2021-08-23,16.43,16.43,16.16,16.2,538100
HVN,20210824,2021-08-24,16.08,16.23,15.96,16.08,489100
HVN,20210825,2021-08-25,16.16,16.67,16.12,16.67,432700
HVN,20210826,2021-08-26,16.79,16.79,16.63,16.71,352800
HVN,20210827,2021-08-27,16.71,16.71,16.47,16.67,346200
HVN,20210830,2021-08-30,16.71,17.1,16.67,16.94,680000
HVN,20210831,2021-08-31,16.9,16.9,16.55,16.63,586800
HVN,20210901,2021-09-01,16.31,16.63,16.23,16.51,692200
HVN,20210906,2021-09-06,16.51,17.18,16.51,16.98,1082900
HVN,20210907,2021-09-07,17.02,17.5,17.02,17.42,1483900
HVN,20210908,2021-09-08,17.73,17.97,17.34,17.65,1438400
HVN,20210909,2021-09-09,17.69,18.88,17.69,18.88,2369400
HVN,20210910,2021-09-10,20.02,20.06,19.39,19.74,3492400
HVN,20210913,2021-09-13,19.78,21.12,19.78,21.12,3733800
HVN,20210914,2021-09-14,22.54,22.58,22.5,22.58,3343700
HVN,20210915,2021-09-15,24.16,24.16,21.12,21.12,5463200
HVN,20210916,2021-09-16,20.57,20.88,19.94,20.1,2737700
HVN,20210917,2021-09-17,20.1,21.48,19.94,21.08,1237300
HVN,20210920,2021-09-20,21.08,21.12,20.53,20.61,1535900
HVN,20210921,2021-09-21,20.1,20.33,19.7,20.02,1559800
HVN,20210922,2021-09-22,20.25,20.49,20.1,20.41,1005400
HVN,20210923,2021-09-23,20.49,20.49,20.02,20.18,909200
HVN,20210924,2021-09-24,20.18,20.65,20.02,20.41,910000
HVN,20210927,2021-09-27,20.65,20.73,20.02,20.14,1128100
HVN,20210928,2021-09-28,20.25,20.25,19.31,19.7,860100
HVN,20210929,2021-09-29,19.7,19.7,19.15,19.31,941200
HVN,20210930,2021-09-30,19.31,19.86,19.31,19.7,611200
HVN,20211001,2021-10-01,19.7,19.7,19.31,19.62,552200
HVN,20211004,2021-10-04,19.66,20.49,19.62,20.41,1019500
HVN,20211005,2021-10-05,20.85,20.88,20.41,20.65,801900
HVN,20211006,2021-10-06,20.65,20.73,20.37,20.41,768900
HVN,20211007,2021-10-07,20.49,20.57,20.21,20.45,714700
HVN,20211008,2021-10-08,20.49,20.65,20.41,20.57,867100
HVN,20211011,2021-10-11,21.04,21.67,20.88,21.28,1453400
HVN,20211012,2021-10-12,21.36,21.63,20.88,21.04,1112900
HVN,20211013,2021-10-13,21.04,21.2,20.81,20.85,636900
HVN,20211014,2021-10-14,20.85,20.92,20.69,20.73,757400
HVN,20211015,2021-10-15,20.57,20.73,20.49,20.53,1000600
HVN,20211018,2021-10-18,20.53,20.73,20.18,20.18,999000
HVN,20211019,2021-10-19,20.18,20.33,20.06,20.29,441800
HVN,20211020,2021-10-20,20.65,20.88,20.25,20.41,554500
HVN,20211021,2021-10-21,20.49,20.65,20.33,20.45,436200
HVN,20211022,2021-10-22,20.41,20.53,20.37,20.45,683200
HVN,20211025,2021-10-25,20.41,20.41,20.02,20.02,771800
HVN,20211026,2021-10-26,20.02,20.49,19.78,20.33,427800
HVN,20211027,2021-10-27,20.33,20.37,20.06,20.21,750200
HVN,20211028,2021-10-28,19.7,19.86,19.66,19.7,2624300
HVN,20211029,2021-10-29,19.62,19.62,18.95,19.54,2089300
HVN,20211101,2021-11-01,19.54,19.54,19.31,19.47,718200
HVN,20211102,2021-11-02,19.39,19.43,19.23,19.39,789600
HVN,20211103,2021-11-03,19.39,19.39,18.05,18.09,2071700
HVN,20211104,2021-11-04,18.09,19.35,17.77,19.03,1205300
HVN,20211105,2021-11-05,19.03,19.7,19.03,19.43,902700
HVN,20211108,2021-11-08,19.7,19.7,19.43,19.62,1128800
HVN,20211109,2021-11-09,19.62,19.66,19.31,19.54,700000
HVN,20211110,2021-11-10,19.39,19.54,19.31,19.43,820400
HVN,20211111,2021-11-11,19.51,19.78,19.31,19.62,841400
HVN,20211112,2021-11-12,19.62,19.82,19.62,19.74,736800
HVN,20211115,2021-11-15,19.62,19.62,19.31,19.39,1337600
HVN,20211116,2021-11-16,19.39,20.25,19.27,19.78,1134800
HVN,20211117,2021-11-17,20.49,20.57,20.1,20.33,2083200
HVN,20211118,2021-11-18,20.33,20.41,19.78,19.86,1250100
HVN,20211119,2021-11-19,18.48,18.91,18.48,18.48,17810300
HVN,20211122,2021-11-22,18.05,18.6,18.05,18.13,4234500
HVN,20211123,2021-11-23,18.13,18.48,18.13,18.4,2245800
HVN,20211124,2021-11-24,18.4,18.91,18.32,18.64,3797000
HVN,20211125,2021-11-25,18.64,18.76,18.52,18.76,3171700
HVN,20211126,2021-11-26,18.84,19.23,18.8,18.8,3782400
HVN,20211129,2021-11-29,18.13,18.44,17.89,18.24,3961300
HVN,20211130,2021-11-30,18.21,18.52,18.13,18.13,2663100
HVN,20211201,2021-12-01,18.13,18.36,17.97,18.17,2435200
HVN,20211202,2021-12-02,18.17,18.21,18.05,18.05,1797000
HVN,20211203,2021-12-03,18.09,18.17,17.97,17.97,2173400
HVN,20211206,2021-12-06,17.89,17.97,17.34,17.38,2759600
HVN,20211207,2021-12-07,17.38,17.69,17.34,17.5,1328900
HVN,20211208,2021-12-08,17.73,18.52,17.69,18.09,2014400
HVN,20211209,2021-12-09,18.13,18.21,17.93,18.05,1069700
HVN,20211210,2021-12-10,18.13,19.27,18.13,18.6,4189400
HVN,20211213,2021-12-13,18.99,19.7,18.99,19.62,8010400
HVN,20211214,2021-12-14,19.78,19.94,19.07,19.66,4842100
HVN,20211215,2021-12-15,19.66,19.66,18.99,19.15,2899900
HVN,20211216,2021-12-16,19.15,19.35,18.4,18.4,5399700
HVN,20211217,2021-12-17,18.17,18.8,18.17,18.48,2654800
HVN,20211220,2021-12-20,18.48,18.68,18.13,18.68,2121700
HVN,20211221,2021-12-21,18.52,18.52,18.21,18.4,1995400
HVN,20211222,2021-12-22,18.52,18.6,18.21,18.21,2190000
HVN,20211223,2021-12-23,18.28,18.52,18.13,18.21,2447700
HVN,20211224,2021-12-24,18.24,18.48,18.24,18.36,1326800
HVN,20211227,2021-12-27,18.4,18.72,18.28,18.4,1268000
HVN,20211228,2021-12-28,18.44,18.56,18.21,18.21,1845500
HVN,20211229,2021-12-29,18.28,18.36,18.21,18.28,1051900
HVN,20211230,2021-12-30,18.32,18.4,18.24,18.28,1628200
HVN,20211231,2021-12-31,18.28,18.32,18.13,18.24,2083300
HVN,20220104,2022-01-04,18.28,18.52,18.24,18.36,1832000
HVN,20220105,2022-01-05,18.44,18.44,18.21,18.21,2256200
HVN,20220106,2022-01-06,18.21,18.21,17.97,18.01,2466400
HVN,20220107,2022-01-07,18.01,18.01,17.81,17.85,2127400
HVN,20220110,2022-01-10,17.93,18.91,17.93,18.28,3188800
HVN,20220111,2022-01-11,18.24,18.36,18.05,18.17,1685900
HVN,20220112,2022-01-12,18.17,18.21,17.81,18.09,1593700
HVN,20220113,2022-01-13,18.09,18.09,17.81,17.85,1427600
HVN,20220114,2022-01-14,17.73,17.89,17.5,17.89,1433700
HVN,20220117,2022-01-17,17.89,18.52,17.89,18.05,2074000
HVN,20220118,2022-01-18,18.05,18.24,17.89,18.09,1544300
HVN,20220119,2022-01-19,17.93,18.13,17.81,17.89,1050700
HVN,20220120,2022-01-20,17.81,17.97,17.69,17.97,1127900
HVN,20220121,2022-01-21,17.97,17.97,17.85,17.89,1163900
HVN,20220124,2022-01-24,17.97,18.52,17.93,17.97,2579000
HVN,20220125,2022-01-25,18.13,18.44,18.05,18.4,2913000
HVN,20220126,2022-01-26,18.76,19.07,18.6,18.99,5819400
HVN,20220127,2022-01-27,19.03,19.07,18.76,18.91,3012200
HVN,20220128,2022-01-28,18.91,19.39,18.84,19.15,3385600
HVN,20220207,2022-02-07,20.25,20.49,19.94,20.49,11637900
HVN,20220208,2022-02-08,20.57,21.52,20.29,20.49,9015000
HVN,20220209,2022-02-09,20.49,20.88,20.41,20.69,5478100
HVN,20220210,2022-02-10,20.88,21.12,20.65,20.81,7410000
HVN,20220211,2022-02-11,20.81,20.88,20.29,20.65,6889400
HVN,20220214,2022-02-14,20.88,21.52,20.81,20.81,7858800
HVN,20220215,2022-02-15,20.57,20.88,20.33,20.69,4059500
HVN,20220216,2022-02-16,20.73,20.88,20.61,20.77,3865200
HVN,20220217,2022-02-17,20.77,21.67,20.61,21.12,7745200
HVN,20220218,2022-02-18,21.0,21.55,20.88,21.52,6504800
HVN,20220221,2022-02-21,21.52,21.52,21.12,21.12,4712600
HVN,20220222,2022-02-22,20.65,20.92,20.49,20.57,5663400
HVN,20220223,2022-02-23,20.49,20.96,20.45,20.69,3076300
HVN,20220224,2022-02-24,20.65,20.77,19.7,20.21,7196700
HVN,20220225,2022-02-25,20.29,20.65,20.29,20.41,2367700
HVN,20220228,2022-02-28,20.25,20.29,19.7,19.98,2599200
HVN,20220301,2022-03-01,19.94,20.1,19.74,20.02,3286200
HVN,20220302,2022-03-02,19.98,20.02,19.66,19.7,3082400
HVN,20220303,2022-03-03,19.7,19.86,19.54,19.7,3149000
HVN,20220304,2022-03-04,19.7,20.29,19.7,20.02,2181900
HVN,20220307,2022-03-07,19.98,19.98,19.58,19.62,3002100
HVN,20220308,2022-03-08,19.47,20.33,19.35,19.86,3556300
HVN,20220309,2022-03-09,19.86,20.1,19.54,19.7,1877100
HVN,20220310,2022-03-10,20.02,20.88,19.86,20.65,5220700
HVN,20220311,2022-03-11,20.65,20.65,20.25,20.33,3302400
HVN,20220314,2022-03-14,20.18,20.88,20.18,20.61,5080600
HVN,20220315,2022-03-15,20.61,21.04,20.57,20.61,3315400
HVN,20220316,2022-03-16,20.96,20.96,20.25,20.25,4013300
HVN,20220317,2022-03-17,20.25,20.45,19.7,20.18,2675900
HVN,20220318,2022-03-18,20.25,20.37,19.94,19.98,2556500
HVN,20220321,2022-03-21,19.98,19.98,19.74,19.86,2922400
HVN,20220322,2022-03-22,19.78,20.21,19.74,19.94,1830700
HVN,20220323,2022-03-23,19.94,19.98,19.82,19.86,2079400
HVN,20220324,2022-03-24,19.78,20.25,19.74,20.06,3041300
HVN,20220325,2022-03-25,20.06,20.25,19.98,19.98,1600300
HVN,20220328,2022-03-28,19.98,19.98,19.47,19.66,3047000
HVN,20220329,2022-03-29,19.62,19.98,19.58,19.78,2584900
HVN,20220330,2022-03-30,19.7,19.94,19.62,19.62,2364300
HVN,20220331,2022-03-31,19.58,19.78,19.58,19.62,1322000
HVN,20220401,2022-04-01,19.54,19.9,19.43,19.74,1926000
HVN,20220404,2022-04-04,19.7,19.74,19.43,19.62,2564000
HVN,20220405,2022-04-05,19.58,20.1,19.58,19.86,1914600
HVN,20220406,2022-04-06,19.86,19.86,19.62,19.66,1382700
HVN,20220407,2022-04-07,19.66,19.7,19.47,19.47,1458500
HVN,20220408,2022-04-08,19.47,19.58,18.95,18.99,2567100
HVN,20220412,2022-04-12,19.31,19.31,18.91,18.91,1663900
HVN,20220413,2022-04-13,18.91,19.11,18.44,18.8,1763900
HVN,20220414,2022-04-14,18.84,19.23,18.84,18.91,995000
HVN,20220415,2022-04-15,18.91,18.99,18.44,18.44,1619000
HVN,20220418,2022-04-18,18.44,18.44,17.69,17.77,2324400
HVN,20220419,2022-04-19,17.5,18.13,17.5,17.57,1727700
HVN,20220420,2022-04-20,17.57,18.01,17.57,17.77,1727300
HVN,20220421,2022-04-21,17.77,17.77,16.79,17.57,2011800
HVN,20220422,2022-04-22,17.57,18.13,17.14,17.26,2540300
HVN,20220425,2022-04-25,17.26,17.65,16.31,16.31,1980600
HVN,20220426,2022-04-26,16.31,16.94,15.76,16.94,1797200
HVN,20220427,2022-04-27,17.1,17.22,16.67,17.22,717100
HVN,20220428,2022-04-28,17.34,17.34,16.98,17.1,934200
HVN,20220429,2022-04-29,17.1,17.18,16.98,17.14,1417400
HVN,20220504,2022-05-04,17.14,17.97,17.14,17.57,1341900
HVN,20220505,2022-05-05,17.85,17.85,17.06,17.3,880200
HVN,20220506,2022-05-06,16.94,17.06,16.55,16.55,1179000
HVN,20220509,2022-05-09,16.31,16.39,15.41,15.41,2926600
HVN,20220510,2022-05-10,15.41,15.84,14.66,15.84,965000
HVN,20220511,2022-05-11,16.16,16.16,15.8,16.0,682100
HVN,20220512,2022-05-12,15.84,16.0,14.97,14.97,1320300
HVN,20220513,2022-05-13,14.97,15.05,13.95,13.99,1721500
HVN,20220516,2022-05-16,14.19,14.9,14.07,14.26,1226600
HVN,20220517,2022-05-17,14.26,15.25,14.03,15.13,1721500
HVN,20220518,2022-05-18,15.37,15.37,14.82,14.82,1136000
HVN,20220519,2022-05-19,14.46,14.66,14.34,14.46,973200
HVN,20220520,2022-05-20,14.46,14.66,14.38,14.5,967000
HVN,20220523,2022-05-23,14.5,14.54,13.95,14.07,1874700
HVN,20220524,2022-05-24,14.07,14.07,13.4,13.71,1682900
HVN,20220525,2022-05-25,13.79,14.11,13.48,14.03,1347800
HVN,20220526,2022-05-26,14.03,14.46,13.95,14.07,1006800
HVN,20220527,2022-05-27,14.07,14.66,14.07,14.66,2084900
HVN,20220530,2022-05-30,14.66,15.13,14.66,15.09,1508100
HVN,20220531,2022-05-31,15.09,15.17,14.62,14.7,1471400
HVN,20220601,2022-06-01,14.66,14.74,14.42,14.66,984200
HVN,20220602,2022-06-02,14.54,14.58,14.19,14.19,1450800
HVN,20220603,2022-06-03,14.19,14.5,14.11,14.23,944600
HVN,20220606,2022-06-06,14.23,14.5,14.11,14.11,1108100
HVN,20220607,2022-06-07,14.11,14.11,13.71,13.91,1296900
HVN,20220608,2022-06-08,13.87,14.46,13.87,14.23,1217900
HVN,20220609,2022-06-09,14.23,14.62,14.15,14.58,1320100
HVN,20220610,2022-06-10,14.34,14.58,14.19,14.19,960500
HVN,20220613,2022-06-13,13.56,13.91,13.48,13.48,1993500
HVN,20220614,2022-06-14,13.4,13.71,13.4,13.48,1129900
HVN,20220615,2022-06-15,13.56,13.63,12.65,12.73,1679600
HVN,20220616,2022-06-16,12.77,13.36,12.73,12.81,982000
HVN,20220617,2022-06-17,12.53,12.53,11.94,12.29,2157800
HVN,20220620,2022-06-20,12.29,12.29,11.47,11.51,1809400
HVN,20220621,2022-06-21,11.51,11.82,11.11,11.78,1305700
HVN,20220622,2022-06-22,12.14,12.22,11.9,12.1,758700
HVN,20220623,2022-06-23,12.06,12.06,11.59,12.06,699800
HVN,20220624,2022-06-24,12.1,12.22,12.02,12.02,808200
HVN,20220627,2022-06-27,12.29,12.85,12.06,12.85,1801300
HVN,20220628,2022-06-28,13.0,13.48,13.0,13.0,1459000
HVN,20220629,2022-06-29,12.81,12.81,12.45,12.65,904700
HVN,20220630,2022-06-30,12.45,12.61,12.22,12.22,1210300
HVN,20220701,2022-07-01,12.22,12.45,11.9,12.29,1089900
HVN,20220704,2022-07-04,12.53,12.69,12.37,12.41,755100
HVN,20220705,2022-07-05,12.45,12.61,12.18,12.18,697100
HVN,20220706,2022-07-06,12.18,12.65,11.98,12.29,967600
HVN,20220707,2022-07-07,12.29,12.45,12.18,12.33,632400
HVN,20220708,2022-07-08,12.45,12.96,12.41,12.89,1608100
HVN,20220711,2022-07-11,12.92,13.24,12.61,12.85,1210300
HVN,20220712,2022-07-12,12.81,12.96,12.77,12.89,899000
HVN,20220713,2022-07-13,13.24,13.28,12.92,12.96,1650800
HVN,20220714,2022-07-14,12.92,13.0,12.69,12.96,970700
HVN,20220715,2022-07-15,12.96,13.16,12.92,12.92,1058000
HVN,20220718,2022-07-18,13.08,13.24,12.85,12.92,1036900
HVN,20220719,2022-07-19,12.92,12.96,12.81,12.92,541700
HVN,20220720,2022-07-20,13.04,13.12,13.0,13.08,1263300
HVN,20220721,2022-07-21,13.08,13.08,12.92,12.96,742600
HVN,20220722,2022-07-22,12.96,13.2,12.96,13.08,1223300
HVN,20220725,2022-07-25,13.08,13.08,12.85,12.89,643500
HVN,20220726,2022-07-26,12.85,12.92,12.73,12.77,609500
HVN,20220727,2022-07-27,12.69,12.69,12.29,12.57,1119900
HVN,20220728,2022-07-28,12.69,12.85,12.57,12.69,740200
HVN,20220729,2022-07-29,12.69,13.16,12.69,13.0,1593500
HVN,20220801,2022-08-01,13.08,13.4,13.08,13.36,2317100
HVN,20220802,2022-08-02,13.48,13.52,13.16,13.36,1573600
HVN,20220803,2022-08-03,13.16,13.83,13.08,13.44,1780800
HVN,20220804,2022-08-04,13.48,13.71,13.4,13.48,1449300
HVN,20220805,2022-08-05,13.56,14.15,13.56,14.03,2785500
HVN,20220808,2022-08-08,14.03,14.07,13.79,13.87,1350600
HVN,20220809,2022-08-09,13.87,13.87,13.63,13.83,1223300
HVN,20220810,2022-08-10,13.83,14.58,13.67,14.26,2060500
HVN,20220811,2022-08-11,14.5,14.5,14.03,14.03,1928100
HVN,20220812,2022-08-12,13.99,14.15,13.83,14.07,825500
HVN,20220815,2022-08-15,14.19,14.23,13.87,13.91,1310500
HVN,20220816,2022-08-16,13.91,14.11,13.87,13.95,968900
HVN,20220817,2022-08-17,14.03,14.03,13.67,13.67,1411900
HVN,20220818,2022-08-18,13.67,13.99,13.63,13.67,1206100
HVN,20220819,2022-08-19,13.67,13.83,13.59,13.71,832800
HVN,20220822,2022-08-22,13.71,13.83,13.63,13.71,841000
HVN,20220823,2022-08-23,13.67,14.11,13.63,13.75,1203000
HVN,20220824,2022-08-24,13.87,14.19,13.79,14.11,2044000
HVN,20220825,2022-08-25,14.11,14.3,14.03,14.11,940500
HVN,20220826,2022-08-26,14.11,14.19,13.87,13.91,1130600
HVN,20220829,2022-08-29,13.63,13.79,13.28,13.44,1772000
HVN,20220830,2022-08-30,13.44,13.67,13.4,13.48,1014000
HVN,20220831,2022-08-31,13.48,13.63,13.4,13.59,412100
HVN,20220905,2022-09-05,13.56,13.56,13.4,13.4,958500
HVN,20220906,2022-09-06,13.4,13.48,13.28,13.28,876100
HVN,20220907,2022-09-07,13.16,13.36,12.81,12.81,1159300
HVN,20220908,2022-09-08,12.69,12.81,11.94,11.94,4808000
HVN,20220909,2022-09-09,11.47,11.82,11.39,11.7,3956200
HVN,20220912,2022-09-12,11.7,12.14,11.55,11.55,2214421
HVN,20220913,2022-09-13,11.47,11.78,11.43,11.66,1033300
HVN,20220914,2022-09-14,11.51,11.66,11.47,11.62,960900
HVN,20220915,2022-09-15,11.98,12.1,11.9,11.94,1440500
HVN,20220916,2022-09-16,12.06,12.06,11.66,11.7,867500
HVN,20220919,2022-09-19,11.62,11.7,11.43,11.47,845700
HVN,20220920,2022-09-20,11.55,11.78,11.51,11.78,916800
HVN,20220921,2022-09-21,11.74,11.74,11.43,11.55,995200
HVN,20220922,2022-09-22,11.51,11.7,11.43,11.66,617700
HVN,20220923,2022-09-23,11.66,11.7,11.51,11.51,521000
HVN,20220926,2022-09-26,11.51,11.55,11.11,11.23,1365000
HVN,20220927,2022-09-27,11.11,11.35,11.07,11.07,645700
HVN,20220928,2022-09-28,11.07,11.15,10.76,10.76,899690
HVN,20220929,2022-09-29,10.76,10.95,10.72,10.72,555418
HVN,20220930,2022-09-30,10.64,10.72,10.09,10.52,1111982
HVN,20221003,2022-10-03,10.44,10.52,9.85,9.85,891783
HVN,20221004,2022-10-04,9.85,10.25,9.73,9.77,776155
HVN,20221005,2022-10-05,9.89,10.05,9.85,9.93,608804
HVN,20221006,2022-10-06,10.01,10.09,9.61,9.61,634183
HVN,20221007,2022-10-07,9.46,9.61,8.94,8.94,1817832
HVN,20221010,2022-10-10,8.75,8.94,8.51,8.87,890994
HVN,20221011,2022-10-11,8.87,9.02,8.67,8.67,625734
HVN,20221012,2022-10-12,8.75,9.1,8.75,8.98,693778
HVN,20221013,2022-10-13,8.98,9.3,8.98,9.14,423397
HVN,20221014,2022-10-14,9.22,9.3,9.06,9.18,630970
HVN,20221017,2022-10-17,9.18,9.22,8.91,9.02,411195
HVN,20221018,2022-10-18,9.14,9.26,9.02,9.18,573404
HVN,20221019,2022-10-19,9.3,9.38,9.14,9.3,709115
HVN,20221020,2022-10-20,9.3,9.3,9.14,9.22,454203
HVN,20221021,2022-10-21,9.14,9.22,8.75,8.79,731162
HVN,20221024,2022-10-24,8.79,8.87,8.24,8.31,841029
HVN,20221025,2022-10-25,8.28,8.67,7.88,8.31,772498
HVN,20221026,2022-10-26,8.31,8.59,8.28,8.31,438529
HVN,20221027,2022-10-27,8.31,8.55,8.31,8.55,707480
HVN,20221028,2022-10-28,8.67,8.79,8.47,8.47,497512
HVN,20221031,2022-10-31,8.47,8.67,8.35,8.51,479518
HVN,20221101,2022-11-01,8.67,8.79,8.59,8.59,519703
HVN,20221102,2022-11-02,8.63,8.79,8.59,8.59,400654
HVN,20221103,2022-11-03,8.51,8.67,8.51,8.55,344640
HVN,20221104,2022-11-04,8.55,8.59,8.28,8.43,542022
HVN,20221107,2022-11-07,8.35,8.43,7.96,7.96,670889
HVN,20221108,2022-11-08,7.96,8.12,7.96,8.08,545000
HVN,20221109,2022-11-09,8.12,8.28,8.12,8.2,624058
HVN,20221110,2022-11-10,8.28,8.28,7.69,7.69,792637
HVN,20221111,2022-11-11,8.0,8.0,7.8,7.8,383154
HVN,20221114,2022-11-14,7.72,7.72,7.29,7.29,819552
HVN,20221115,2022-11-15,7.09,7.29,6.79,6.79,1484250
HVN,20221116,2022-11-16,6.31,7.26,6.31,7.26,1520826
HVN,20221117,2022-11-17,7.64,7.64,7.34,7.42,552692
HVN,20221118,2022-11-18,7.33,7.37,7.09,7.33,625149
HVN,20221121,2022-11-21,7.34,7.49,7.34,7.37,658837
HVN,20221122,2022-11-22,7.33,7.64,7.29,7.39,635577
HVN,20221123,2022-11-23,7.39,7.47,7.27,7.27,401713
HVN,20221124,2022-11-24,7.25,7.27,7.07,7.27,519265
HVN,20221125,2022-11-25,7.27,7.41,7.27,7.41,559977
HVN,20221128,2022-11-28,7.46,7.88,7.46,7.88,1190744
HVN,20221129,2022-11-29,7.96,8.2,7.92,8.16,966147
HVN,20221130,2022-11-30,8.28,8.28,8.0,8.12,1005520
HVN,20221201,2022-12-01,8.2,8.47,8.2,8.24,1593534
HVN,20221202,2022-12-02,8.24,8.43,8.04,8.39,1005408
HVN,20221205,2022-12-05,8.55,8.75,8.55,8.71,1379989
HVN,20221206,2022-12-06,8.75,8.75,8.28,8.35,1490468
HVN,20221207,2022-12-07,8.2,8.47,8.12,8.31,897423
HVN,20221208,2022-12-08,8.31,8.75,8.31,8.67,1155332
HVN,20221209,2022-12-09,8.67,9.26,8.67,9.26,1541257
HVN,20221212,2022-12-12,9.89,9.89,9.89,9.89,866345
HVN,20221213,2022-12-13,10.56,10.56,9.85,10.17,5430525
HVN,20221214,2022-12-14,10.72,10.72,10.32,10.52,1966854
HVN,20221215,2022-12-15,10.52,11.23,10.52,11.23,4028025
HVN,20221216,2022-12-16,11.55,11.98,11.27,11.9,5137648
HVN,20221219,2022-12-19,12.18,12.49,11.19,11.19,4645181
HVN,20221220,2022-12-20,11.19,11.82,10.84,11.74,3959919
HVN,20221221,2022-12-21,12.14,12.14,11.11,11.23,1481186
HVN,20221222,2022-12-22,11.23,11.47,10.48,10.6,3627107
HVN,20221223,2022-12-23,10.56,10.95,10.28,10.68,1042347
HVN,20221226,2022-12-26,10.68,10.72,9.97,9.97,1945880
HVN,20221227,2022-12-27,9.93,10.64,9.93,10.64,1848136
HVN,20221228,2022-12-28,11.11,11.35,11.03,11.15,2631148
HVN,20221229,2022-12-29,11.19,11.31,10.88,10.92,1426872
HVN,20221230,2022-12-30,10.99,11.23,10.92,10.95,966423
HVN,20230103,2023-01-03,10.95,11.43,10.95,11.43,1963792
HVN,20230104,2023-01-04,11.43,11.59,11.11,11.19,1639499
HVN,20230105,2023-01-05,11.19,11.43,10.99,11.31,1594472
HVN,20230106,2023-01-06,11.27,11.51,11.11,11.15,1815306
HVN,20230109,2023-01-09,11.39,11.9,11.39,11.74,3638299
HVN,20230110,2023-01-10,11.74,11.74,11.39,11.47,1271964
HVN,20230111,2023-01-11,11.55,11.98,11.47,11.78,3722139
HVN,20230112,2023-01-12,11.78,11.86,11.51,11.74,1457209
HVN,20230113,2023-01-13,11.86,11.94,11.47,11.51,1755211
HVN,20230116,2023-01-16,11.51,11.59,11.15,11.23,2041027
HVN,20230117,2023-01-17,11.39,11.43,11.19,11.43,1878308
HVN,20230118,2023-01-18,11.43,11.55,11.27,11.47,1694150
HVN,20230119,2023-01-19,11.51,11.82,11.47,11.62,1546806
HVN,20230127,2023-01-27,11.59,11.59,11.19,11.23,3627473
HVN,20230130,2023-01-30,11.15,11.23,10.72,10.92,2941457
HVN,20230131,2023-01-31,10.92,11.27,10.76,11.11,1820366
HVN,20230201,2023-02-01,11.11,11.23,10.52,10.6,1941186
HVN,20230202,2023-02-02,10.64,10.84,10.25,10.32,2555898
HVN,20230203,2023-02-03,10.01,10.17,9.77,9.77,3605515
HVN,20230206,2023-02-06,9.54,9.73,9.42,9.58,1436886
HVN,20230207,2023-02-07,9.69,10.13,9.61,9.97,1706791
HVN,20230208,2023-02-08,10.01,10.09,9.69,9.93,773554
HVN,20230209,2023-02-09,9.85,10.09,9.85,9.85,428139
HVN,20230210,2023-02-10,9.85,9.85,9.46,9.54,961790
HVN,20230213,2023-02-13,9.54,9.58,9.1,9.18,1185095
HVN,20230214,2023-02-14,9.14,9.34,9.14,9.3,494654
HVN,20230215,2023-02-15,9.38,9.58,9.34,9.46,841371
HVN,20230216,2023-02-16,9.46,9.61,9.46,9.54,577708
HVN,20230217,2023-02-17,9.54,9.65,9.46,9.54,660658
HVN,20230220,2023-02-20,9.54,10.01,9.54,10.01,1097752
HVN,20230221,2023-02-21,10.13,10.13,9.89,9.93,977459
HVN,20230222,2023-02-22,9.77,9.93,9.54,9.54,1010375
HVN,20230223,2023-02-23,9.54,9.73,9.46,9.73,1266714
HVN,20230224,2023-02-24,9.85,10.28,9.77,10.25,2235611
HVN,20230227,2023-02-27,10.21,10.21,9.85,9.89,897757
HVN,20230228,2023-02-28,10.09,10.09,9.46,9.54,1301603
HVN,20230301,2023-03-01,9.58,9.73,9.46,9.73,649371
HVN,20230302,2023-03-02,9.81,9.81,9.54,9.58,569698
HVN,20230303,2023-03-03,9.77,9.77,9.46,9.46,852207
HVN,20230306,2023-03-06,9.61,9.85,9.58,9.85,936481
HVN,20230307,2023-03-07,9.85,9.85,9.69,9.77,512095
HVN,20230308,2023-03-08,9.69,9.81,9.58,9.81,575768
HVN,20230309,2023-03-09,10.48,10.48,10.48,10.48,1134564
HVN,20230310,2023-03-10,11.19,11.19,10.8,10.99,5237212
HVN,20230313,2023-03-13,10.8,10.88,10.25,10.25,2432877
HVN,20230314,2023-03-14,10.28,10.56,10.01,10.36,1612086
HVN,20230315,2023-03-15,10.56,10.76,10.36,10.64,1778106
HVN,20230316,2023-03-16,10.6,10.6,10.28,10.32,1017525
HVN,20230317,2023-03-17,10.4,10.52,10.25,10.32,790207
HVN,20230320,2023-03-20,10.32,10.32,9.97,10.01,1318891
HVN,20230321,2023-03-21,10.09,10.17,9.93,10.17,914539
HVN,20230322,2023-03-22,10.21,10.52,10.21,10.32,1071883
HVN,20230323,2023-03-23,10.25,10.32,10.13,10.25,482273
HVN,20230324,2023-03-24,10.21,10.32,10.17,10.21,723429
HVN,20230327,2023-03-27,10.25,10.44,10.25,10.4,962921
HVN,20230328,2023-03-28,10.4,10.48,10.21,10.21,1191682
HVN,20230329,2023-03-29,10.21,10.4,10.09,10.32,1035452
HVN,20230330,2023-03-30,10.4,10.44,10.13,10.17,2003525
HVN,20230331,2023-03-31,10.21,10.21,10.05,10.13,897198
HVN,20230403,2023-04-03,10.13,10.25,10.09,10.13,1430460
HVN,20230404,2023-04-04,10.13,10.64,10.13,10.32,1350336
HVN,20230405,2023-04-05,10.32,10.4,10.25,10.32,1122723
HVN,20230406,2023-04-06,10.48,10.56,10.36,10.4,2534060
HVN,20230407,2023-04-07,10.4,10.4,10.28,10.28,1079712
HVN,20230410,2023-04-10,10.36,10.48,10.25,10.32,1430872
HVN,20230411,2023-04-11,10.32,10.44,10.25,10.44,1295889
HVN,20230412,2023-04-12,10.52,10.52,10.32,10.36,1131744
HVN,20230413,2023-04-13,10.09,10.21,9.81,9.85,4502789
HVN,20230414,2023-04-14,9.85,9.97,9.61,9.65,1526704
HVN,20230417,2023-04-17,9.61,9.73,9.54,9.73,1058761
HVN,20230418,2023-04-18,9.73,9.81,9.61,9.73,564718
HVN,20230419,2023-04-19,9.73,9.89,9.69,9.77,672773
HVN,20230420,2023-04-20,9.69,9.81,9.65,9.77,487726
HVN,20230421,2023-04-21,9.69,9.73,9.65,9.65,482831
HVN,20230424,2023-04-24,9.65,9.69,9.46,9.5,705830
HVN,20230425,2023-04-25,9.54,9.69,9.46,9.5,631566
HVN,20230426,2023-04-26,9.5,9.54,9.42,9.5,540701
HVN,20230427,2023-04-27,9.5,9.73,9.5,9.61,620728
HVN,20230428,2023-04-28,9.61,9.69,9.54,9.54,550346
HVN,20230504,2023-05-04,10.17,10.17,10.05,10.17,1595184
HVN,20230505,2023-05-05,10.32,10.52,10.01,10.01,1809853
HVN,20230508,2023-05-08,9.61,9.89,9.61,9.65,2327274
HVN,20230509,2023-05-09,9.65,9.81,9.61,9.65,723588
HVN,20230510,2023-05-10,9.65,9.85,9.61,9.77,1136966
HVN,20230511,2023-05-11,9.77,9.97,9.73,9.77,892731
HVN,20230512,2023-05-12,9.65,9.77,9.65,9.77,698102
HVN,20230515,2023-05-15,9.97,9.97,9.77,9.81,1074448
HVN,20230516,2023-05-16,9.89,10.17,9.85,10.01,2108261
HVN,20230517,2023-05-17,10.09,10.13,9.85,9.85,1025604
HVN,20230518,2023-05-18,9.89,9.93,9.81,9.85,641117
HVN,20230519,2023-05-19,9.93,9.93,9.77,9.81,866846
HVN,20230522,2023-05-22,9.85,10.01,9.73,10.01,976179
HVN,20230523,2023-05-23,9.97,10.13,9.89,9.93,671997
HVN,20230524,2023-05-24,9.93,10.01,9.85,9.85,494674
HVN,20230525,2023-05-25,9.77,9.89,9.77,9.85,571981
HVN,20230526,2023-05-26,9.85,10.13,9.85,10.01,1263068
HVN,20230529,2023-05-29,10.17,10.44,10.01,10.32,2876376
HVN,20230530,2023-05-30,10.32,10.44,10.21,10.32,1778046
HVN,20230531,2023-05-31,10.4,10.4,10.25,10.36,1736040
HVN,20230601,2023-06-01,10.4,10.56,10.36,10.36,1639000
HVN,20230602,2023-06-02,10.44,10.48,10.32,10.4,1219899
HVN,20230605,2023-06-05,10.68,10.68,10.44,10.52,2201610
HVN,20230606,2023-06-06,10.52,10.56,10.36,10.56,1302773
HVN,20230607,2023-06-07,10.64,10.64,10.48,10.56,1932704
HVN,20230608,2023-06-08,10.56,11.03,10.52,10.76,3472645
HVN,20230609,2023-06-09,10.76,10.76,10.56,10.64,1268485
HVN,20230612,2023-06-12,10.72,10.72,10.48,10.6,1153517
HVN,20230613,2023-06-13,10.64,10.84,10.64,10.64,1337924
HVN,20230614,2023-06-14,10.72,10.8,10.48,10.48,1336274
HVN,20230615,2023-06-15,10.48,10.52,10.4,10.4,1175522
HVN,20230616,2023-06-16,10.44,10.68,10.4,10.4,2203433
HVN,20230619,2023-06-19,10.64,10.64,10.44,10.44,900325
HVN,20230620,2023-06-20,10.48,10.52,10.4,10.52,759035
HVN,20230621,2023-06-21,10.52,10.56,10.44,10.52,1054947
HVN,20230622,2023-06-22,10.6,11.23,10.6,10.95,4920532
HVN,20230623,2023-06-23,10.99,11.27,10.92,11.27,3682955
HVN,20230626,2023-06-26,11.55,11.82,11.35,11.47,4371519
HVN,20230627,2023-06-27,11.47,11.59,11.27,11.35,2039168
HVN,20230628,2023-06-28,11.35,11.62,11.27,11.35,1861471
HVN,20230629,2023-06-29,11.43,11.51,11.15,11.15,1758377
HVN,20230630,2023-06-30,11.15,11.19,10.95,10.95,1507394
HVN,20230703,2023-07-03,10.99,11.15,10.99,11.15,1104431
HVN,20230704,2023-07-04,11.15,11.51,11.15,11.39,1925626
HVN,20230705,2023-07-05,11.43,11.51,11.23,11.23,1585687
HVN,20230706,2023-07-06,10.56,10.88,10.48,10.48,8633400
HVN,20230707,2023-07-07,10.32,10.44,10.13,10.4,2622934
HVN,20230710,2023-07-10,10.4,10.64,10.4,10.44,1509828
HVN,20230711,2023-07-11,10.48,10.52,10.32,10.36,2021647
HVN,20230712,2023-07-12,10.25,10.4,9.97,10.01,2068006
HVN,20230713,2023-07-13,10.01,10.05,9.77,9.89,1678865
HVN,20230714,2023-07-14,9.89,10.4,9.81,10.4,2303391
HVN,20230717,2023-07-17,10.4,10.44,10.21,10.25,780982
HVN,20230718,2023-07-18,10.25,10.25,10.09,10.13,598454
HVN,20230719,2023-07-19,10.17,10.32,10.05,10.25,1013783
HVN,20230720,2023-07-20,10.25,10.25,10.09,10.17,431901
HVN,20230721,2023-07-21,10.17,10.25,10.13,10.21,815331
HVN,20230724,2023-07-24,10.21,10.28,10.17,10.25,939775
HVN,20230725,2023-07-25,10.64,10.64,10.17,10.28,847186
HVN,20230726,2023-07-26,10.28,10.36,10.17,10.25,608269
HVN,20230727,2023-07-27,10.17,10.25,10.09,10.21,933831
HVN,20230728,2023-07-28,10.09,10.13,9.69,10.13,1633932
HVN,20230731,2023-07-31,9.85,10.28,9.85,10.17,1364178
HVN,20230801,2023-08-01,10.17,10.4,10.13,10.36,2764370
HVN,20230802,2023-08-02,10.36,10.36,9.65,10.17,929056
HVN,20230803,2023-08-03,10.21,10.25,10.09,10.13,831328
HVN,20230804,2023-08-04,10.13,10.21,9.93,10.17,880234
HVN,20230807,2023-08-07,10.17,10.32,10.09,10.17,967629
HVN,20230808,2023-08-08,10.17,10.52,10.17,10.48,2694069
HVN,20230809,2023-08-09,10.48,11.11,10.4,10.95,3585867
HVN,20230810,2023-08-10,10.95,11.03,10.64,10.68,1222070
